{
  "type": "FeatureCollection",
  "features": [
    {
      "type": "Feature",
      "properties": {
        "name": "Sub ADIZ South-East:",
        "type": "ADIZ",
        "upper_limit": "UNL",
        "lower_limit": "GND",
        "source": "ENR 5.2",
        "parse_method": "deterministic"
      },
      "geometry": {
        "type": "Polygon",
        "coordinates": [
          [
            [
              91.997111,
              6.001972
            ],
            [
              94.4135,
              6.001972
            ],
            [
              94.413417,
              13.5015
            ],
            [
              91.997028,
              14.001444
            ],
            [
              91.997111,
              6.001972
            ]
          ]
        ]
      }
    },
    {
      "type": "Feature",
      "properties": {
        "name": "Amritsar Control Area- 2",
        "type": "CTA",
        "upper_limit": "FL 155",
        "lower_limit": "FL 95",
        "source": "ENR 2.1",
        "parse_method": "deterministic"
      },
      "geometry": {
        "type": "Polygon",
        "coordinates": [
          [
            [
              75.332222,
              30.866389
            ],
            [
              75.787222,
              29.921667
            ],
            [
              75.14,
              29.740278
            ],
            [
              74.890833,
              30.749722
            ],
            [
              75.332222,
              30.866389
            ]
          ]
        ]
      }
    },
    {
      "type": "Feature",
      "properties": {
        "name": "Bhavnagar  Control Area-",
        "type": "CTA",
        "upper_limit": "FL145",
        "lower_limit": "1100 ft",
        "source": "ENR 2.1",
        "parse_method": "deterministic"
      },
      "geometry": {
        "type": "Polygon",
        "coordinates": [
          [
            [
              72.639172,
              21.754444
            ],
            [
              72.637012,
              21.795285
            ],
            [
              72.630552,
              21.835732
            ],
            [
              72.619855,
              21.875396
            ],
            [
              72.605023,
              21.913896
            ],
            [
              72.5862,
              21.95086
            ],
            [
              72.563567,
              21.985932
            ],
            [
              72.537341,
              22.018775
            ],
            [
              72.507776,
              22.049072
            ],
            [
              72.475155,
              22.076532
            ],
            [
              72.439794,
              22.10089
            ],
            [
              72.402032,
              22.121912
            ],
            [
              72.362234,
              22.139394
            ],
            [
              72.320782,
              22.15317
            ],
            [
              72.278076,
              22.163105
            ],
            [
              72.234528,
              22.169105
            ],
            [
              72.190556,
              22.171111
            ],
            [
              72.146583,
              22.169105
            ],
            [
              72.103035,
              22.163105
            ],
            [
              72.060329,
              22.15317
            ],
            [
              72.018877,
              22.139394
            ],
            [
              71.979079,
              22.121912
            ],
            [
              71.941317,
              22.10089
            ],
            [
              71.905956,
              22.076532
            ],
            [
              71.873336,
              22.049072
            ],
            [
              71.84377,
              22.018775
            ],
            [
              71.817544,
              21.985932
            ],
            [
              71.794911,
              21.95086
            ],
            [
              71.776088,
              21.913896
            ],
            [
              71.761256,
              21.875396
            ],
            [
              71.750559,
              21.835732
            ],
            [
              71.744099,
              21.795285
            ],
            [
              71.741939,
              21.754444
            ],
            [
              71.744099,
              21.713604
            ],
            [
              71.750559,
              21.673157
            ],
            [
              71.761256,
              21.633492
            ],
            [
              71.776088,
              21.594993
            ],
            [
              71.794911,
              21.558029
            ],
            [
              71.817544,
              21.522957
            ],
            [
              71.84377,
              21.490114
            ],
            [
              71.873336,
              21.459817
            ],
            [
              71.905956,
              21.432357
            ],
            [
              71.941317,
              21.407999
            ],
            [
              71.979079,
              21.386977
            ],
            [
              72.018877,
              21.369495
            ],
            [
              72.060329,
              21.355719
            ],
            [
              72.103035,
              21.345784
            ],
            [
              72.146583,
              21.339784
            ],
            [
              72.190556,
              21.337778
            ],
            [
              72.234528,
              21.339784
            ],
            [
              72.278076,
              21.345784
            ],
            [
              72.320782,
              21.355719
            ],
            [
              72.362234,
              21.369495
            ],
            [
              72.402032,
              21.386977
            ],
            [
              72.439794,
              21.407999
            ],
            [
              72.475155,
              21.432357
            ],
            [
              72.507776,
              21.459817
            ],
            [
              72.537341,
              21.490114
            ],
            [
              72.563567,
              21.522957
            ],
            [
              72.5862,
              21.558029
            ],
            [
              72.605023,
              21.594993
            ],
            [
              72.619855,
              21.633492
            ],
            [
              72.630552,
              21.673157
            ],
            [
              72.637012,
              21.713604
            ],
            [
              72.639172,
              21.754444
            ]
          ]
        ]
      }
    },
    {
      "type": "Feature",
      "properties": {
        "name": "Bhopal Control Area-",
        "type": "CTA",
        "upper_limit": "FL145",
        "lower_limit": "2500 ft",
        "source": "ENR 2.1",
        "parse_method": "deterministic"
      },
      "geometry": {
        "type": "Polygon",
        "coordinates": [
          [
            [
              76.479167,
              24.083333
            ],
            [
              78.544444,
              24.083333
            ],
            [
              78.544444,
              22.666667
            ],
            [
              76.704444,
              22.666667
            ],
            [
              76.6,
              22.854167
            ],
            [
              76.479167,
              23.133333
            ],
            [
              76.479167,
              23.280278
            ],
            [
              76.479167,
              24.083333
            ]
          ]
        ]
      }
    },
    {
      "type": "Feature",
      "properties": {
        "name": "Cochin Control Area- A",
        "type": "CTA",
        "upper_limit": "5500 FT AMSL",
        "lower_limit": "900 FT AMSL",
        "source": "ENR 2.1",
        "parse_method": "deterministic"
      },
      "geometry": {
        "type": "Polygon",
        "coordinates": [
          [
            [
              76.830518,
              10.153611
            ],
            [
              76.82848,
              10.194452
            ],
            [
              76.822385,
              10.234899
            ],
            [
              76.812291,
              10.274563
            ],
            [
              76.798297,
              10.313063
            ],
            [
              76.780536,
              10.350026
            ],
            [
              76.75918,
              10.385099
            ],
            [
              76.734434,
              10.417942
            ],
            [
              76.706538,
              10.448239
            ],
            [
              76.675758,
              10.475699
            ],
            [
              76.642393,
              10.500057
            ],
            [
              76.606763,
              10.521078
            ],
            [
              76.569211,
              10.538561
            ],
            [
              76.530099,
              10.552336
            ],
            [
              76.489803,
              10.562272
            ],
            [
              76.448712,
              10.568271
            ],
            [
              76.407222,
              10.570278
            ],
            [
              76.365732,
              10.568271
            ],
            [
              76.324641,
              10.562272
            ],
            [
              76.284346,
              10.552336
            ],
            [
              76.245234,
              10.538561
            ],
            [
              76.207682,
              10.521078
            ],
            [
              76.172052,
              10.500057
            ],
            [
              76.138686,
              10.475699
            ],
            [
              76.107907,
              10.448239
            ],
            [
              76.08001,
              10.417942
            ],
            [
              76.055264,
              10.385099
            ],
            [
              76.033908,
              10.350026
            ],
            [
              76.016148,
              10.313063
            ],
            [
              76.002153,
              10.274563
            ],
            [
              75.99206,
              10.234899
            ],
            [
              75.985964,
              10.194452
            ],
            [
              75.983926,
              10.153611
            ],
            [
              75.985964,
              10.112771
            ],
            [
              75.99206,
              10.072323
            ],
            [
              76.002153,
              10.032659
            ],
            [
              76.016148,
              9.99416
            ],
            [
              76.033908,
              9.957196
            ],
            [
              76.055264,
              9.922124
            ],
            [
              76.08001,
              9.889281
            ],
            [
              76.107907,
              9.858983
            ],
            [
              76.138686,
              9.831523
            ],
            [
              76.172052,
              9.807165
            ],
            [
              76.207682,
              9.786144
            ],
            [
              76.245234,
              9.768661
            ],
            [
              76.284346,
              9.754886
            ],
            [
              76.324641,
              9.744951
            ],
            [
              76.365732,
              9.738951
            ],
            [
              76.407222,
              9.736944
            ],
            [
              76.448712,
              9.738951
            ],
            [
              76.489803,
              9.744951
            ],
            [
              76.530099,
              9.754886
            ],
            [
              76.569211,
              9.768661
            ],
            [
              76.606763,
              9.786144
            ],
            [
              76.642393,
              9.807165
            ],
            [
              76.675758,
              9.831523
            ],
            [
              76.706538,
              9.858983
            ],
            [
              76.734434,
              9.889281
            ],
            [
              76.75918,
              9.922124
            ],
            [
              76.780536,
              9.957196
            ],
            [
              76.798297,
              9.99416
            ],
            [
              76.812291,
              10.032659
            ],
            [
              76.822385,
              10.072323
            ],
            [
              76.82848,
              10.112771
            ],
            [
              76.830518,
              10.153611
            ]
          ]
        ]
      }
    },
    {
      "type": "Feature",
      "properties": {
        "name": "Cochin Control Area- C",
        "type": "CTA",
        "upper_limit": "FL 255",
        "lower_limit": "FL 145",
        "source": "ENR 2.1",
        "parse_method": "deterministic"
      },
      "geometry": {
        "type": "Polygon",
        "coordinates": [
          [
            [
              74.333333,
              10.616667
            ],
            [
              76.116667,
              9.5
            ],
            [
              76.966667,
              9.5
            ],
            [
              77.45,
              10.3
            ],
            [
              77.766667,
              10.6
            ],
            [
              77.45,
              10.95
            ],
            [
              77.45,
              11.15
            ],
            [
              77.415556,
              11.301667
            ],
            [
              77.516667,
              11.966667
            ],
            [
              77.216667,
              12.066667
            ],
            [
              76.998889,
              11.635
            ],
            [
              76.454167,
              12.758333
            ],
            [
              75.253889,
              12.374722
            ],
            [
              74.333333,
              10.616667
            ]
          ]
        ]
      }
    },
    {
      "type": "Feature",
      "properties": {
        "name": "Delhi- LDP2 (Lower Delhi ACC South East)",
        "type": "CTA",
        "upper_limit": "FL 255",
        "lower_limit": "FL 155",
        "source": "ENR 2.1",
        "parse_method": "deterministic"
      },
      "geometry": {
        "type": "Polygon",
        "coordinates": [
          [
            [
              77.093611,
              28.566944
            ],
            [
              77.953056,
              27.335556
            ],
            [
              79.041111,
              26.586944
            ],
            [
              80.025278,
              25.899444
            ],
            [
              79.831667,
              25.283611
            ],
            [
              79.598333,
              25.600278
            ],
            [
              78.998611,
              25.133611
            ],
            [
              79.081944,
              25.000278
            ],
            [
              76.0,
              25.0
            ],
            [
              76.378611,
              26.549167
            ],
            [
              76.635278,
              27.599444
            ],
            [
              77.093611,
              28.566944
            ]
          ]
        ]
      }
    },
    {
      "type": "Feature",
      "properties": {
        "name": "Hyderabad Control Area- A",
        "type": "CTA",
        "upper_limit": "5500 FT AMSL",
        "lower_limit": "3600 FT AMSL",
        "source": "ENR 2.1",
        "parse_method": "deterministic"
      },
      "geometry": {
        "type": "Polygon",
        "coordinates": [
          [
            [
              78.865158,
              17.240556
            ],
            [
              78.863057,
              17.281396
            ],
            [
              78.856775,
              17.321843
            ],
            [
              78.846372,
              17.361508
            ],
            [
              78.831949,
              17.400007
            ],
            [
              78.813644,
              17.436971
            ],
            [
              78.791633,
              17.472043
            ],
            [
              78.766129,
              17.504886
            ],
            [
              78.737377,
              17.535183
            ],
            [
              78.705655,
              17.562643
            ],
            [
              78.671267,
              17.587001
            ],
            [
              78.634545,
              17.608023
            ],
            [
              78.595842,
              17.625505
            ],
            [
              78.555531,
              17.639281
            ],
            [
              78.514001,
              17.649216
            ],
            [
              78.471651,
              17.655216
            ],
            [
              78.428889,
              17.657222
            ],
            [
              78.386127,
              17.655216
            ],
            [
              78.343777,
              17.649216
            ],
            [
              78.302247,
              17.639281
            ],
            [
              78.261936,
              17.625505
            ],
            [
              78.223233,
              17.608023
            ],
            [
              78.186511,
              17.587001
            ],
            [
              78.152123,
              17.562643
            ],
            [
              78.1204,
              17.535183
            ],
            [
              78.091649,
              17.504886
            ],
            [
              78.066145,
              17.472043
            ],
            [
              78.044134,
              17.436971
            ],
            [
              78.025829,
              17.400007
            ],
            [
              78.011406,
              17.361508
            ],
            [
              78.001003,
              17.321843
            ],
            [
              77.994721,
              17.281396
            ],
            [
              77.99262,
              17.240556
            ],
            [
              77.994721,
              17.199715
            ],
            [
              78.001003,
              17.159268
            ],
            [
              78.011406,
              17.119604
            ],
            [
              78.025829,
              17.081104
            ],
            [
              78.044134,
              17.04414
            ],
            [
              78.066145,
              17.009068
            ],
            [
              78.091649,
              16.976225
            ],
            [
              78.1204,
              16.945928
            ],
            [
              78.152123,
              16.918468
            ],
            [
              78.186511,
              16.89411
            ],
            [
              78.223233,
              16.873088
            ],
            [
              78.261936,
              16.855606
            ],
            [
              78.302247,
              16.84183
            ],
            [
              78.343777,
              16.831895
            ],
            [
              78.386127,
              16.825895
            ],
            [
              78.428889,
              16.823889
            ],
            [
              78.471651,
              16.825895
            ],
            [
              78.514001,
              16.831895
            ],
            [
              78.555531,
              16.84183
            ],
            [
              78.595842,
              16.855606
            ],
            [
              78.634545,
              16.873088
            ],
            [
              78.671267,
              16.89411
            ],
            [
              78.705655,
              16.918468
            ],
            [
              78.737377,
              16.945928
            ],
            [
              78.766129,
              16.976225
            ],
            [
              78.791633,
              17.009068
            ],
            [
              78.813644,
              17.04414
            ],
            [
              78.831949,
              17.081104
            ],
            [
              78.846372,
              17.119604
            ],
            [
              78.856775,
              17.159268
            ],
            [
              78.863057,
              17.199715
            ],
            [
              78.865158,
              17.240556
            ]
          ]
        ]
      }
    },
    {
      "type": "Feature",
      "properties": {
        "name": "Hyderabad Control Area- C",
        "type": "CTA",
        "upper_limit": "FL 255",
        "lower_limit": "FL145",
        "source": "ENR 2.1",
        "parse_method": "deterministic"
      },
      "geometry": {
        "type": "Polygon",
        "coordinates": [
          [
            [
              76.0,
              16.666667
            ],
            [
              76.0,
              19.316667
            ],
            [
              77.166667,
              19.716667
            ],
            [
              82.0,
              18.713889
            ],
            [
              82.0,
              17.25
            ],
            [
              79.216667,
              15.983333
            ],
            [
              77.516667,
              15.95
            ],
            [
              76.0,
              16.666667
            ]
          ]
        ]
      }
    },
    {
      "type": "Feature",
      "properties": {
        "name": "Kolkata Lower Control Area- Sector Lower Kolkata East (LKE)",
        "type": "CTA",
        "upper_limit": "FL 255",
        "lower_limit": "FL 105",
        "source": "ENR 2.1",
        "parse_method": "deterministic"
      },
      "geometry": {
        "type": "Polygon",
        "coordinates": [
          [
            [
              88.940556,
              22.594167
            ],
            [
              92.0,
              21.0
            ],
            [
              92.0,
              18.388333
            ],
            [
              87.4475,
              20.251944
            ],
            [
              86.627222,
              20.571111
            ],
            [
              87.9475,
              22.3675
            ],
            [
              88.940556,
              22.594167
            ]
          ]
        ]
      }
    },
    {
      "type": "Feature",
      "properties": {
        "name": "Lucknow Control Area - Sector A",
        "type": "CTA",
        "upper_limit": "FL 105",
        "lower_limit": "FL 50",
        "source": "ENR 2.1",
        "parse_method": "deterministic"
      },
      "geometry": {
        "type": "Polygon",
        "coordinates": [
          [
            [
              79.848333,
              27.716944
            ],
            [
              81.015,
              26.966944
            ],
            [
              81.41,
              26.788333
            ],
            [
              81.288056,
              26.503889
            ],
            [
              81.088889,
              26.243056
            ],
            [
              80.731667,
              26.533611
            ],
            [
              79.365,
              27.216944
            ],
            [
              79.848333,
              27.716944
            ]
          ]
        ]
      }
    },
    {
      "type": "Feature",
      "properties": {
        "name": "Lucknow Control Area - Sector B",
        "type": "CTA",
        "upper_limit": "FL 105",
        "lower_limit": "FL 60",
        "source": "ENR 2.1",
        "parse_method": "deterministic"
      },
      "geometry": {
        "type": "Polygon",
        "coordinates": [
          [
            [
              81.41,
              26.788333
            ],
            [
              82.014722,
              26.466944
            ],
            [
              81.548056,
              25.883611
            ],
            [
              81.088889,
              26.243056
            ],
            [
              81.288056,
              26.503889
            ],
            [
              81.41,
              26.788333
            ]
          ]
        ]
      }
    },
    {
      "type": "Feature",
      "properties": {
        "name": "Lucknow Control Area - Sector East",
        "type": "CTA",
        "upper_limit": "FL 255",
        "lower_limit": "FL 105",
        "source": "ENR 2.1",
        "parse_method": "deterministic"
      },
      "geometry": {
        "type": "Polygon",
        "coordinates": [
          [
            [
              82.745278,
              27.573333
            ],
            [
              81.55,
              27.156111
            ],
            [
              80.894444,
              26.758611
            ],
            [
              80.198333,
              26.400278
            ],
            [
              80.025278,
              25.899444
            ],
            [
              80.462222,
              25.431944
            ],
            [
              81.288056,
              26.504167
            ],
            [
              81.41,
              26.788333
            ],
            [
              82.745278,
              27.573333
            ]
          ]
        ]
      }
    },
    {
      "type": "Feature",
      "properties": {
        "name": "Madurai  Control Area- A",
        "type": "CTA",
        "upper_limit": "5500 FT AMSL",
        "lower_limit": "2000 FT AMSL",
        "source": "ENR 2.1",
        "parse_method": "deterministic"
      },
      "geometry": {
        "type": "Polygon",
        "coordinates": [
          [
            [
              78.511493,
              9.835
            ],
            [
              78.509456,
              9.87584
            ],
            [
              78.503367,
              9.916288
            ],
            [
              78.493283,
              9.955952
            ],
            [
              78.479303,
              9.994451
            ],
            [
              78.461559,
              10.031415
            ],
            [
              78.440224,
              10.066488
            ],
            [
              78.415503,
              10.099331
            ],
            [
              78.387633,
              10.129628
            ],
            [
              78.356884,
              10.157088
            ],
            [
              78.323551,
              10.181446
            ],
            [
              78.287956,
              10.202467
            ],
            [
              78.250441,
              10.21995
            ],
            [
              78.211367,
              10.233725
            ],
            [
              78.171111,
              10.243661
            ],
            [
              78.130061,
              10.24966
            ],
            [
              78.088611,
              10.251667
            ],
            [
              78.047161,
              10.24966
            ],
            [
              78.006111,
              10.243661
            ],
            [
              77.965855,
              10.233725
            ],
            [
              77.926781,
              10.21995
            ],
            [
              77.889266,
              10.202467
            ],
            [
              77.853671,
              10.181446
            ],
            [
              77.820338,
              10.157088
            ],
            [
              77.789589,
              10.129628
            ],
            [
              77.761719,
              10.099331
            ],
            [
              77.736998,
              10.066488
            ],
            [
              77.715663,
              10.031415
            ],
            [
              77.69792,
              9.994451
            ],
            [
              77.683939,
              9.955952
            ],
            [
              77.673855,
              9.916288
            ],
            [
              77.667766,
              9.87584
            ],
            [
              77.66573,
              9.835
            ],
            [
              77.667766,
              9.79416
            ],
            [
              77.673855,
              9.753712
            ],
            [
              77.683939,
              9.714048
            ],
            [
              77.69792,
              9.675549
            ],
            [
              77.715663,
              9.638585
            ],
            [
              77.736998,
              9.603512
            ],
            [
              77.761719,
              9.570669
            ],
            [
              77.789589,
              9.540372
            ],
            [
              77.820338,
              9.512912
            ],
            [
              77.853671,
              9.488554
            ],
            [
              77.889266,
              9.467533
            ],
            [
              77.926781,
              9.45005
            ],
            [
              77.965855,
              9.436275
            ],
            [
              78.006111,
              9.426339
            ],
            [
              78.047161,
              9.42034
            ],
            [
              78.088611,
              9.418333
            ],
            [
              78.130061,
              9.42034
            ],
            [
              78.171111,
              9.426339
            ],
            [
              78.211367,
              9.436275
            ],
            [
              78.250441,
              9.45005
            ],
            [
              78.287956,
              9.467533
            ],
            [
              78.323551,
              9.488554
            ],
            [
              78.356884,
              9.512912
            ],
            [
              78.387633,
              9.540372
            ],
            [
              78.415503,
              9.570669
            ],
            [
              78.440224,
              9.603512
            ],
            [
              78.461559,
              9.638585
            ],
            [
              78.479303,
              9.675549
            ],
            [
              78.493283,
              9.714048
            ],
            [
              78.503367,
              9.753712
            ],
            [
              78.509456,
              9.79416
            ],
            [
              78.511493,
              9.835
            ]
          ]
        ]
      }
    },
    {
      "type": "Feature",
      "properties": {
        "name": "Mangalore Control Area- A",
        "type": "CTA",
        "upper_limit": "FL 145",
        "lower_limit": "1400 FT AMSL",
        "source": "ENR 2.1",
        "parse_method": "deterministic"
      },
      "geometry": {
        "type": "Polygon",
        "coordinates": [
          [
            [
              75.317283,
              12.961944
            ],
            [
              75.315225,
              13.002785
            ],
            [
              75.309068,
              13.043232
            ],
            [
              75.298873,
              13.082896
            ],
            [
              75.284737,
              13.121396
            ],
            [
              75.266798,
              13.15836
            ],
            [
              75.245226,
              13.193432
            ],
            [
              75.220232,
              13.226275
            ],
            [
              75.192054,
              13.256572
            ],
            [
              75.160964,
              13.284032
            ],
            [
              75.127263,
              13.30839
            ],
            [
              75.091273,
              13.329412
            ],
            [
              75.053343,
              13.346894
            ],
            [
              75.013837,
              13.36067
            ],
            [
              74.973135,
              13.370605
            ],
            [
              74.931631,
              13.376605
            ],
            [
              74.889722,
              13.378611
            ],
            [
              74.847814,
              13.376605
            ],
            [
              74.806309,
              13.370605
            ],
            [
              74.765608,
              13.36067
            ],
            [
              74.726102,
              13.346894
            ],
            [
              74.688171,
              13.329412
            ],
            [
              74.652182,
              13.30839
            ],
            [
              74.61848,
              13.284032
            ],
            [
              74.587391,
              13.256572
            ],
            [
              74.559213,
              13.226275
            ],
            [
              74.534218,
              13.193432
            ],
            [
              74.512647,
              13.15836
            ],
            [
              74.494707,
              13.121396
            ],
            [
              74.480572,
              13.082896
            ],
            [
              74.470376,
              13.043232
            ],
            [
              74.46422,
              13.002785
            ],
            [
              74.462161,
              12.961944
            ],
            [
              74.46422,
              12.921104
            ],
            [
              74.470376,
              12.880657
            ],
            [
              74.480572,
              12.840992
            ],
            [
              74.494707,
              12.802493
            ],
            [
              74.512647,
              12.765529
            ],
            [
              74.534218,
              12.730457
            ],
            [
              74.559213,
              12.697614
            ],
            [
              74.587391,
              12.667317
            ],
            [
              74.61848,
              12.639857
            ],
            [
              74.652182,
              12.615499
            ],
            [
              74.688171,
              12.594477
            ],
            [
              74.726102,
              12.576995
            ],
            [
              74.765608,
              12.563219
            ],
            [
              74.806309,
              12.553284
            ],
            [
              74.847814,
              12.547284
            ],
            [
              74.889722,
              12.545278
            ],
            [
              74.931631,
              12.547284
            ],
            [
              74.973135,
              12.553284
            ],
            [
              75.013837,
              12.563219
            ],
            [
              75.053343,
              12.576995
            ],
            [
              75.091273,
              12.594477
            ],
            [
              75.127263,
              12.615499
            ],
            [
              75.160964,
              12.639857
            ],
            [
              75.192054,
              12.667317
            ],
            [
              75.220232,
              12.697614
            ],
            [
              75.245226,
              12.730457
            ],
            [
              75.266798,
              12.765529
            ],
            [
              75.284737,
              12.802493
            ],
            [
              75.298873,
              12.840992
            ],
            [
              75.309068,
              12.880657
            ],
            [
              75.315225,
              12.921104
            ],
            [
              75.317283,
              12.961944
            ]
          ]
        ]
      }
    },
    {
      "type": "Feature",
      "properties": {
        "name": "Mangalore Control Area- B",
        "type": "CTA",
        "upper_limit": "FL 145",
        "lower_limit": "5500 FT AMSL",
        "source": "ENR 2.1",
        "parse_method": "deterministic",
        "note": "Annular ring, inner radius 25.0 NM"
      },
      "geometry": {
        "type": "Polygon",
        "coordinates": [
          [
            [
              75.744845,
              12.961944
            ],
            [
              75.740727,
              13.043625
            ],
            [
              75.728414,
              13.12452
            ],
            [
              75.708023,
              13.203848
            ],
            [
              75.679752,
              13.280847
            ],
            [
              75.643873,
              13.354775
            ],
            [
              75.600731,
              13.42492
            ],
            [
              75.550741,
              13.490606
            ],
            [
              75.494385,
              13.5512
            ],
            [
              75.432206,
              13.60612
            ],
            [
              75.364803,
              13.654836
            ],
            [
              75.292824,
              13.696879
            ],
            [
              75.216963,
              13.731844
            ],
            [
              75.137951,
              13.759395
            ],
            [
              75.056548,
              13.779266
            ],
            [
              74.973539,
              13.791265
            ],
            [
              74.889722,
              13.795278
            ],
            [
              74.805906,
              13.791265
            ],
            [
              74.722896,
              13.779266
            ],
            [
              74.641493,
              13.759395
            ],
            [
              74.562481,
              13.731844
            ],
            [
              74.48662,
              13.696879
            ],
            [
              74.414642,
              13.654836
            ],
            [
              74.347238,
              13.60612
            ],
            [
              74.285059,
              13.5512
            ],
            [
              74.228704,
              13.490606
            ],
            [
              74.178714,
              13.42492
            ],
            [
              74.135572,
              13.354775
            ],
            [
              74.099692,
              13.280847
            ],
            [
              74.071421,
              13.203848
            ],
            [
              74.051031,
              13.12452
            ],
            [
              74.038717,
              13.043625
            ],
            [
              74.0346,
              12.961944
            ],
            [
              74.038717,
              12.880263
            ],
            [
              74.051031,
              12.799369
            ],
            [
              74.071421,
              12.720041
            ],
            [
              74.099692,
              12.643042
            ],
            [
              74.135572,
              12.569114
            ],
            [
              74.178714,
              12.498969
            ],
            [
              74.228704,
              12.433283
            ],
            [
              74.285059,
              12.372689
            ],
            [
              74.347238,
              12.317769
            ],
            [
              74.414642,
              12.269053
            ],
            [
              74.48662,
              12.22701
            ],
            [
              74.562481,
              12.192045
            ],
            [
              74.641493,
              12.164494
            ],
            [
              74.722896,
              12.144623
            ],
            [
              74.805906,
              12.132624
            ],
            [
              74.889722,
              12.128611
            ],
            [
              74.973539,
              12.132624
            ],
            [
              75.056548,
              12.144623
            ],
            [
              75.137951,
              12.164494
            ],
            [
              75.216963,
              12.192045
            ],
            [
              75.292824,
              12.22701
            ],
            [
              75.364803,
              12.269053
            ],
            [
              75.432206,
              12.317769
            ],
            [
              75.494385,
              12.372689
            ],
            [
              75.550741,
              12.433283
            ],
            [
              75.600731,
              12.498969
            ],
            [
              75.643873,
              12.569114
            ],
            [
              75.679752,
              12.643042
            ],
            [
              75.708023,
              12.720041
            ],
            [
              75.728414,
              12.799369
            ],
            [
              75.740727,
              12.880263
            ],
            [
              75.744845,
              12.961944
            ]
          ]
        ]
      }
    },
    {
      "type": "Feature",
      "properties": {
        "name": "Mumbai  ACC U5N-",
        "type": "CTA",
        "upper_limit": "FL460",
        "lower_limit": "FL260",
        "source": "ENR 2.1",
        "parse_method": "deterministic"
      },
      "geometry": {
        "type": "Polygon",
        "coordinates": [
          [
            [
              64.5,
              23.5
            ],
            [
              66.1925,
              23.5
            ],
            [
              66.273889,
              21.496111
            ],
            [
              65.75,
              20.746389
            ],
            [
              62.81,
              22.11
            ],
            [
              64.5,
              23.5
            ]
          ]
        ]
      }
    },
    {
      "type": "Feature",
      "properties": {
        "name": "Nagpur Control Area - Sector A",
        "type": "CTA",
        "upper_limit": "FL 460",
        "lower_limit": "2100 ft AMSL",
        "source": "ENR 2.1",
        "parse_method": "deterministic"
      },
      "geometry": {
        "type": "Polygon",
        "coordinates": [
          [
            [
              76.832222,
              22.666667
            ],
            [
              78.544444,
              22.666667
            ],
            [
              80.354444,
              22.480556
            ],
            [
              80.593611,
              21.5025
            ],
            [
              81.089722,
              20.518889
            ],
            [
              80.391667,
              19.048056
            ],
            [
              77.165556,
              19.7175
            ],
            [
              76.832222,
              19.600833
            ],
            [
              76.832222,
              22.666667
            ]
          ]
        ]
      }
    },
    {
      "type": "Feature",
      "properties": {
        "name": "Nagpur Control Area - Sector B",
        "type": "CTA",
        "upper_limit": "FL 460",
        "lower_limit": "FL 145",
        "source": "ENR 2.1",
        "parse_method": "deterministic"
      },
      "geometry": {
        "type": "Polygon",
        "coordinates": [
          [
            [
              76.0,
              25.0
            ],
            [
              79.081944,
              25.000278
            ],
            [
              80.059444,
              23.180278
            ],
            [
              80.354444,
              22.480556
            ],
            [
              78.544444,
              22.666667
            ],
            [
              76.832222,
              22.666667
            ],
            [
              76.832222,
              19.600833
            ],
            [
              76.0,
              19.316667
            ],
            [
              76.0,
              25.0
            ]
          ]
        ]
      }
    },
    {
      "type": "Feature",
      "properties": {
        "name": "Nagpur Control Area - Sector C",
        "type": "CTA",
        "upper_limit": "FL 460",
        "lower_limit": "FL 255",
        "source": "ENR 2.1",
        "parse_method": "deterministic"
      },
      "geometry": {
        "type": "Polygon",
        "coordinates": [
          [
            [
              76.0,
              19.316667
            ],
            [
              76.832222,
              19.600833
            ],
            [
              77.165556,
              19.7175
            ],
            [
              80.391667,
              19.048056
            ],
            [
              80.089722,
              18.411667
            ],
            [
              77.996944,
              18.977222
            ],
            [
              77.467222,
              18.991944
            ],
            [
              76.0,
              19.233333
            ],
            [
              76.0,
              19.316667
            ]
          ]
        ]
      }
    },
    {
      "type": "Feature",
      "properties": {
        "name": "Nagpur Control Area - Sector D",
        "type": "CTA",
        "upper_limit": "FL 255",
        "lower_limit": "FL 95",
        "source": "ENR 2.1",
        "parse_method": "deterministic"
      },
      "geometry": {
        "type": "Polygon",
        "coordinates": [
          [
            [
              81.089722,
              20.518889
            ],
            [
              80.391667,
              19.048056
            ],
            [
              82.0,
              18.716667
            ],
            [
              81.089722,
              20.518889
            ]
          ]
        ]
      }
    },
    {
      "type": "Feature",
      "properties": {
        "name": "Patna Control Area- Sector 1",
        "type": "CTA",
        "upper_limit": "FL 065",
        "lower_limit": "1000FT AMSL",
        "source": "ENR 2.1",
        "parse_method": "deterministic"
      },
      "geometry": {
        "type": "Polygon",
        "coordinates": [
          [
            [
              85.646341,
              25.593611
            ],
            [
              85.643672,
              25.64262
            ],
            [
              85.635689,
              25.691156
            ],
            [
              85.622469,
              25.738753
            ],
            [
              85.604141,
              25.784953
            ],
            [
              85.580879,
              25.829309
            ],
            [
              85.552909,
              25.871396
            ],
            [
              85.520499,
              25.910808
            ],
            [
              85.483962,
              25.947165
            ],
            [
              85.44365,
              25.980116
            ],
            [
              85.399951,
              26.009346
            ],
            [
              85.353285,
              26.034572
            ],
            [
              85.304103,
              26.055551
            ],
            [
              85.252877,
              26.072081
            ],
            [
              85.200102,
              26.084004
            ],
            [
              85.146285,
              26.091203
            ],
            [
              85.091944,
              26.093611
            ],
            [
              85.037604,
              26.091203
            ],
            [
              84.983787,
              26.084004
            ],
            [
              84.931011,
              26.072081
            ],
            [
              84.879786,
              26.055551
            ],
            [
              84.830603,
              26.034572
            ],
            [
              84.783938,
              26.009346
            ],
            [
              84.740239,
              25.980116
            ],
            [
              84.699927,
              25.947165
            ],
            [
              84.66339,
              25.910808
            ],
            [
              84.63098,
              25.871396
            ],
            [
              84.60301,
              25.829309
            ],
            [
              84.579748,
              25.784953
            ],
            [
              84.56142,
              25.738753
            ],
            [
              84.5482,
              25.691156
            ],
            [
              84.540217,
              25.64262
            ],
            [
              84.537547,
              25.593611
            ],
            [
              84.540217,
              25.544603
            ],
            [
              84.5482,
              25.496066
            ],
            [
              84.56142,
              25.448469
            ],
            [
              84.579748,
              25.402269
            ],
            [
              84.60301,
              25.357913
            ],
            [
              84.63098,
              25.315826
            ],
            [
              84.66339,
              25.276414
            ],
            [
              84.699927,
              25.240058
            ],
            [
              84.740239,
              25.207106
            ],
            [
              84.783938,
              25.177876
            ],
            [
              84.830603,
              25.15265
            ],
            [
              84.879786,
              25.131671
            ],
            [
              84.931011,
              25.115141
            ],
            [
              84.983787,
              25.103218
            ],
            [
              85.037604,
              25.096019
            ],
            [
              85.091944,
              25.093611
            ],
            [
              85.146285,
              25.096019
            ],
            [
              85.200102,
              25.103218
            ],
            [
              85.252877,
              25.115141
            ],
            [
              85.304103,
              25.131671
            ],
            [
              85.353285,
              25.15265
            ],
            [
              85.399951,
              25.177876
            ],
            [
              85.44365,
              25.207106
            ],
            [
              85.483962,
              25.240058
            ],
            [
              85.520499,
              25.276414
            ],
            [
              85.552909,
              25.315826
            ],
            [
              85.580879,
              25.357913
            ],
            [
              85.604141,
              25.402269
            ],
            [
              85.622469,
              25.448469
            ],
            [
              85.635689,
              25.496066
            ],
            [
              85.643672,
              25.544603
            ],
            [
              85.646341,
              25.593611
            ]
          ]
        ]
      }
    },
    {
      "type": "Feature",
      "properties": {
        "name": "Ranchi Control Area - Sector B",
        "type": "CTA",
        "upper_limit": "FL 105",
        "lower_limit": "FL 70",
        "source": "ENR 2.1",
        "parse_method": "deterministic"
      },
      "geometry": {
        "type": "Polygon",
        "coordinates": [
          [
            [
              85.7,
              22.561111
            ],
            [
              86.1675,
              22.8125
            ],
            [
              86.225,
              23.208333
            ],
            [
              85.811111,
              23.208333
            ],
            [
              85.540278,
              22.880556
            ],
            [
              85.7,
              22.561111
            ]
          ]
        ]
      }
    },
    {
      "type": "Feature",
      "properties": {
        "name": "Thiruvananthapuram Control Area-",
        "type": "CTA",
        "upper_limit": "FL145",
        "lower_limit": "1000 FT AMSL",
        "source": "ENR 2.1",
        "parse_method": "deterministic"
      },
      "geometry": {
        "type": "Polygon",
        "coordinates": [
          [
            [
              77.762557,
              8.479483
            ],
            [
              77.7585,
              8.561164
            ],
            [
              77.746368,
              8.642059
            ],
            [
              77.726278,
              8.721387
            ],
            [
              77.698422,
              8.798386
            ],
            [
              77.663071,
              8.872314
            ],
            [
              77.620563,
              8.942459
            ],
            [
              77.571309,
              9.008144
            ],
            [
              77.515782,
              9.068739
            ],
            [
              77.454518,
              9.123659
            ],
            [
              77.388106,
              9.172375
            ],
            [
              77.317186,
              9.214418
            ],
            [
              77.242441,
              9.249383
            ],
            [
              77.164591,
              9.276934
            ],
            [
              77.084386,
              9.296804
            ],
            [
              77.002598,
              9.308804
            ],
            [
              76.920014,
              9.312817
            ],
            [
              76.83743,
              9.308804
            ],
            [
              76.755642,
              9.296804
            ],
            [
              76.675436,
              9.276934
            ],
            [
              76.597586,
              9.249383
            ],
            [
              76.522842,
              9.214418
            ],
            [
              76.451922,
              9.172375
            ],
            [
              76.38551,
              9.123659
            ],
            [
              76.324246,
              9.068739
            ],
            [
              76.268719,
              9.008144
            ],
            [
              76.219465,
              8.942459
            ],
            [
              76.176957,
              8.872314
            ],
            [
              76.141605,
              8.798386
            ],
            [
              76.11375,
              8.721387
            ],
            [
              76.09366,
              8.642059
            ],
            [
              76.081528,
              8.561164
            ],
            [
              76.07747,
              8.479483
            ],
            [
              76.081528,
              8.397802
            ],
            [
              76.09366,
              8.316908
            ],
            [
              76.11375,
              8.237579
            ],
            [
              76.141605,
              8.16058
            ],
            [
              76.176957,
              8.086653
            ],
            [
              76.219465,
              8.016508
            ],
            [
              76.268719,
              7.950822
            ],
            [
              76.324246,
              7.890228
            ],
            [
              76.38551,
              7.835308
            ],
            [
              76.451922,
              7.786592
            ],
            [
              76.522842,
              7.744549
            ],
            [
              76.597586,
              7.709584
            ],
            [
              76.675436,
              7.682033
            ],
            [
              76.755642,
              7.662162
            ],
            [
              76.83743,
              7.650163
            ],
            [
              76.920014,
              7.64615
            ],
            [
              77.002598,
              7.650163
            ],
            [
              77.084386,
              7.662162
            ],
            [
              77.164591,
              7.682033
            ],
            [
              77.242441,
              7.709584
            ],
            [
              77.317186,
              7.744549
            ],
            [
              77.388106,
              7.786592
            ],
            [
              77.454518,
              7.835308
            ],
            [
              77.515782,
              7.890228
            ],
            [
              77.571309,
              7.950822
            ],
            [
              77.620563,
              8.016508
            ],
            [
              77.663071,
              8.086653
            ],
            [
              77.698422,
              8.16058
            ],
            [
              77.726278,
              8.237579
            ],
            [
              77.746368,
              8.316908
            ],
            [
              77.7585,
              8.397802
            ],
            [
              77.762557,
              8.479483
            ]
          ]
        ]
      }
    },
    {
      "type": "Feature",
      "properties": {
        "name": "Tiruchirappalli Control Area-",
        "type": "CTA",
        "upper_limit": "FL 65",
        "lower_limit": "1300 FT AMSL",
        "source": "ENR 2.1",
        "parse_method": "deterministic"
      },
      "geometry": {
        "type": "Polygon",
        "coordinates": [
          [
            [
              79.139176,
              10.765589
            ],
            [
              79.137134,
              10.806429
            ],
            [
              79.131026,
              10.846877
            ],
            [
              79.120913,
              10.886541
            ],
            [
              79.106891,
              10.92504
            ],
            [
              79.089095,
              10.962004
            ],
            [
              79.067697,
              10.997076
            ],
            [
              79.042903,
              11.029919
            ],
            [
              79.014951,
              11.060217
            ],
            [
              78.984111,
              11.087677
            ],
            [
              78.950679,
              11.112035
            ],
            [
              78.914979,
              11.133056
            ],
            [
              78.877353,
              11.150539
            ],
            [
              78.838163,
              11.164314
            ],
            [
              78.797788,
              11.174249
            ],
            [
              78.756617,
              11.180249
            ],
            [
              78.715044,
              11.182256
            ],
            [
              78.673472,
              11.180249
            ],
            [
              78.6323,
              11.174249
            ],
            [
              78.591926,
              11.164314
            ],
            [
              78.552736,
              11.150539
            ],
            [
              78.51511,
              11.133056
            ],
            [
              78.47941,
              11.112035
            ],
            [
              78.445978,
              11.087677
            ],
            [
              78.415138,
              11.060217
            ],
            [
              78.387186,
              11.029919
            ],
            [
              78.362392,
              10.997076
            ],
            [
              78.340994,
              10.962004
            ],
            [
              78.323198,
              10.92504
            ],
            [
              78.309176,
              10.886541
            ],
            [
              78.299062,
              10.846877
            ],
            [
              78.292955,
              10.806429
            ],
            [
              78.290913,
              10.765589
            ],
            [
              78.292955,
              10.724748
            ],
            [
              78.299062,
              10.684301
            ],
            [
              78.309176,
              10.644637
            ],
            [
              78.323198,
              10.606137
            ],
            [
              78.340994,
              10.569174
            ],
            [
              78.362392,
              10.534101
            ],
            [
              78.387186,
              10.501258
            ],
            [
              78.415138,
              10.470961
            ],
            [
              78.445978,
              10.443501
            ],
            [
              78.47941,
              10.419143
            ],
            [
              78.51511,
              10.398122
            ],
            [
              78.552736,
              10.380639
            ],
            [
              78.591926,
              10.366864
            ],
            [
              78.6323,
              10.356928
            ],
            [
              78.673472,
              10.350929
            ],
            [
              78.715044,
              10.348922
            ],
            [
              78.756617,
              10.350929
            ],
            [
              78.797788,
              10.356928
            ],
            [
              78.838163,
              10.366864
            ],
            [
              78.877353,
              10.380639
            ],
            [
              78.914979,
              10.398122
            ],
            [
              78.950679,
              10.419143
            ],
            [
              78.984111,
              10.443501
            ],
            [
              79.014951,
              10.470961
            ],
            [
              79.042903,
              10.501258
            ],
            [
              79.067697,
              10.534101
            ],
            [
              79.089095,
              10.569174
            ],
            [
              79.106891,
              10.606137
            ],
            [
              79.120913,
              10.644637
            ],
            [
              79.131026,
              10.684301
            ],
            [
              79.137134,
              10.724748
            ],
            [
              79.139176,
              10.765589
            ]
          ]
        ]
      }
    },
    {
      "type": "Feature",
      "properties": {
        "name": "Udaipur Control Area-",
        "type": "CTA",
        "upper_limit": "FL145",
        "lower_limit": "2700 ft",
        "source": "ENR 2.1",
        "parse_method": "deterministic"
      },
      "geometry": {
        "type": "Polygon",
        "coordinates": [
          [
            [
              74.442771,
              24.618333
            ],
            [
              74.440122,
              24.667342
            ],
            [
              74.432203,
              24.715878
            ],
            [
              74.419088,
              24.763476
            ],
            [
              74.400905,
              24.809675
            ],
            [
              74.377828,
              24.854032
            ],
            [
              74.35008,
              24.896118
            ],
            [
              74.317928,
              24.93553
            ],
            [
              74.281681,
              24.971887
            ],
            [
              74.241689,
              25.004839
            ],
            [
              74.198337,
              25.034068
            ],
            [
              74.152043,
              25.059294
            ],
            [
              74.103251,
              25.080273
            ],
            [
              74.052432,
              25.096803
            ],
            [
              74.000076,
              25.108726
            ],
            [
              73.946686,
              25.115926
            ],
            [
              73.892778,
              25.118333
            ],
            [
              73.838869,
              25.115926
            ],
            [
              73.78548,
              25.108726
            ],
            [
              73.733123,
              25.096803
            ],
            [
              73.682305,
              25.080273
            ],
            [
              73.633513,
              25.059294
            ],
            [
              73.587218,
              25.034068
            ],
            [
              73.543866,
              25.004839
            ],
            [
              73.503874,
              24.971887
            ],
            [
              73.467628,
              24.93553
            ],
            [
              73.435476,
              24.896118
            ],
            [
              73.407727,
              24.854032
            ],
            [
              73.384651,
              24.809675
            ],
            [
              73.366468,
              24.763476
            ],
            [
              73.353353,
              24.715878
            ],
            [
              73.345433,
              24.667342
            ],
            [
              73.342785,
              24.618333
            ],
            [
              73.345433,
              24.569325
            ],
            [
              73.353353,
              24.520788
            ],
            [
              73.366468,
              24.473191
            ],
            [
              73.384651,
              24.426992
            ],
            [
              73.407727,
              24.382635
            ],
            [
              73.435476,
              24.340548
            ],
            [
              73.467628,
              24.301137
            ],
            [
              73.503874,
              24.26478
            ],
            [
              73.543866,
              24.231828
            ],
            [
              73.587218,
              24.202599
            ],
            [
              73.633513,
              24.177373
            ],
            [
              73.682305,
              24.156394
            ],
            [
              73.733123,
              24.139863
            ],
            [
              73.78548,
              24.127941
            ],
            [
              73.838869,
              24.120741
            ],
            [
              73.892778,
              24.118333
            ],
            [
              73.946686,
              24.120741
            ],
            [
              74.000076,
              24.127941
            ],
            [
              74.052432,
              24.139863
            ],
            [
              74.103251,
              24.156394
            ],
            [
              74.152043,
              24.177373
            ],
            [
              74.198337,
              24.202599
            ],
            [
              74.241689,
              24.231828
            ],
            [
              74.281681,
              24.26478
            ],
            [
              74.317928,
              24.301137
            ],
            [
              74.35008,
              24.340548
            ],
            [
              74.377828,
              24.382635
            ],
            [
              74.400905,
              24.426992
            ],
            [
              74.419088,
              24.473191
            ],
            [
              74.432203,
              24.520788
            ],
            [
              74.440122,
              24.569325
            ],
            [
              74.442771,
              24.618333
            ]
          ]
        ]
      }
    },
    {
      "type": "Feature",
      "properties": {
        "name": "Vadodara Control Area-",
        "type": "CTA",
        "upper_limit": "FL65",
        "lower_limit": "900 ft AMSL",
        "source": "ENR 2.1",
        "parse_method": "deterministic"
      },
      "geometry": {
        "type": "Polygon",
        "coordinates": [
          [
            [
              73.669334,
              22.33
            ],
            [
              73.667165,
              22.37084
            ],
            [
              73.660679,
              22.411288
            ],
            [
              73.649938,
              22.450952
            ],
            [
              73.635046,
              22.489451
            ],
            [
              73.616146,
              22.526415
            ],
            [
              73.59342,
              22.561488
            ],
            [
              73.567088,
              22.594331
            ],
            [
              73.537402,
              22.624628
            ],
            [
              73.504648,
              22.652088
            ],
            [
              73.469143,
              22.676446
            ],
            [
              73.431227,
              22.697467
            ],
            [
              73.391267,
              22.71495
            ],
            [
              73.349646,
              22.728725
            ],
            [
              73.306766,
              22.738661
            ],
            [
              73.26304,
              22.74466
            ],
            [
              73.218889,
              22.746667
            ],
            [
              73.174738,
              22.74466
            ],
            [
              73.131011,
              22.738661
            ],
            [
              73.088132,
              22.728725
            ],
            [
              73.046511,
              22.71495
            ],
            [
              73.006551,
              22.697467
            ],
            [
              72.968635,
              22.676446
            ],
            [
              72.93313,
              22.652088
            ],
            [
              72.900376,
              22.624628
            ],
            [
              72.87069,
              22.594331
            ],
            [
              72.844357,
              22.561488
            ],
            [
              72.821632,
              22.526415
            ],
            [
              72.802732,
              22.489451
            ],
            [
              72.78784,
              22.450952
            ],
            [
              72.777099,
              22.411288
            ],
            [
              72.770613,
              22.37084
            ],
            [
              72.768444,
              22.33
            ],
            [
              72.770613,
              22.28916
            ],
            [
              72.777099,
              22.248712
            ],
            [
              72.78784,
              22.209048
            ],
            [
              72.802732,
              22.170549
            ],
            [
              72.821632,
              22.133585
            ],
            [
              72.844357,
              22.098512
            ],
            [
              72.87069,
              22.065669
            ],
            [
              72.900376,
              22.035372
            ],
            [
              72.93313,
              22.007912
            ],
            [
              72.968635,
              21.983554
            ],
            [
              73.006551,
              21.962533
            ],
            [
              73.046511,
              21.94505
            ],
            [
              73.088132,
              21.931275
            ],
            [
              73.131011,
              21.921339
            ],
            [
              73.174738,
              21.91534
            ],
            [
              73.218889,
              21.913333
            ],
            [
              73.26304,
              21.91534
            ],
            [
              73.306766,
              21.921339
            ],
            [
              73.349646,
              21.931275
            ],
            [
              73.391267,
              21.94505
            ],
            [
              73.431227,
              21.962533
            ],
            [
              73.469143,
              21.983554
            ],
            [
              73.504648,
              22.007912
            ],
            [
              73.537402,
              22.035372
            ],
            [
              73.567088,
              22.065669
            ],
            [
              73.59342,
              22.098512
            ],
            [
              73.616146,
              22.133585
            ],
            [
              73.635046,
              22.170549
            ],
            [
              73.649938,
              22.209048
            ],
            [
              73.660679,
              22.248712
            ],
            [
              73.667165,
              22.28916
            ],
            [
              73.669334,
              22.33
            ]
          ]
        ]
      }
    },
    {
      "type": "Feature",
      "properties": {
        "name": "Vishakhapatnam Control Area-",
        "type": "CTA",
        "upper_limit": "FL 145",
        "lower_limit": "5500FT AMSL",
        "source": "ENR 2.1",
        "parse_method": "deterministic"
      },
      "geometry": {
        "type": "Polygon",
        "coordinates": [
          [
            [
              84.127363,
              17.667778
            ],
            [
              84.123152,
              17.749459
            ],
            [
              84.110558,
              17.830353
            ],
            [
              84.089704,
              17.909682
            ],
            [
              84.060789,
              17.986681
            ],
            [
              84.024093,
              18.060608
            ],
            [
              83.979969,
              18.130753
            ],
            [
              83.928842,
              18.196439
            ],
            [
              83.871203,
              18.257033
            ],
            [
              83.807609,
              18.311953
            ],
            [
              83.738671,
              18.360669
            ],
            [
              83.665055,
              18.402712
            ],
            [
              83.587467,
              18.437677
            ],
            [
              83.506657,
              18.465228
            ],
            [
              83.423401,
              18.485099
            ],
            [
              83.338502,
              18.497098
            ],
            [
              83.252778,
              18.501111
            ],
            [
              83.167053,
              18.497098
            ],
            [
              83.082155,
              18.485099
            ],
            [
              82.998899,
              18.465228
            ],
            [
              82.918088,
              18.437677
            ],
            [
              82.840501,
              18.402712
            ],
            [
              82.766884,
              18.360669
            ],
            [
              82.697947,
              18.311953
            ],
            [
              82.634352,
              18.257033
            ],
            [
              82.576714,
              18.196439
            ],
            [
              82.525587,
              18.130753
            ],
            [
              82.481462,
              18.060608
            ],
            [
              82.444766,
              17.986681
            ],
            [
              82.415852,
              17.909682
            ],
            [
              82.394997,
              17.830353
            ],
            [
              82.382404,
              17.749459
            ],
            [
              82.378192,
              17.667778
            ],
            [
              82.382404,
              17.586097
            ],
            [
              82.394997,
              17.505203
            ],
            [
              82.415852,
              17.425874
            ],
            [
              82.444766,
              17.348875
            ],
            [
              82.481462,
              17.274947
            ],
            [
              82.525587,
              17.204803
            ],
            [
              82.576714,
              17.139117
            ],
            [
              82.634352,
              17.078522
            ],
            [
              82.697947,
              17.023602
            ],
            [
              82.766884,
              16.974886
            ],
            [
              82.840501,
              16.932843
            ],
            [
              82.918088,
              16.897878
            ],
            [
              82.998899,
              16.870328
            ],
            [
              83.082155,
              16.850457
            ],
            [
              83.167053,
              16.838457
            ],
            [
              83.252778,
              16.834444
            ],
            [
              83.338502,
              16.838457
            ],
            [
              83.423401,
              16.850457
            ],
            [
              83.506657,
              16.870328
            ],
            [
              83.587467,
              16.897878
            ],
            [
              83.665055,
              16.932843
            ],
            [
              83.738671,
              16.974886
            ],
            [
              83.807609,
              17.023602
            ],
            [
              83.871203,
              17.078522
            ],
            [
              83.928842,
              17.139117
            ],
            [
              83.979969,
              17.204803
            ],
            [
              84.024093,
              17.274947
            ],
            [
              84.060789,
              17.348875
            ],
            [
              84.089704,
              17.425874
            ],
            [
              84.110558,
              17.505203
            ],
            [
              84.123152,
              17.586097
            ],
            [
              84.127363,
              17.667778
            ]
          ]
        ]
      }
    },
    {
      "type": "Feature",
      "properties": {
        "name": "VOD 172 Cochin",
        "type": "Danger",
        "upper_limit": "35000 FT",
        "lower_limit": "GND",
        "source": "ENR 5.1",
        "parse_method": "deterministic"
      },
      "geometry": {
        "type": "Polygon",
        "coordinates": [
          [
            [
              76.232222,
              9.968333
            ],
            [
              75.999167,
              9.968333
            ],
            [
              75.999167,
              9.718333
            ],
            [
              76.298889,
              9.735
            ],
            [
              76.232222,
              9.968333
            ]
          ]
        ]
      }
    },
    {
      "type": "Feature",
      "properties": {
        "name": "VOD 173 Chennai",
        "type": "Danger",
        "upper_limit": "UNL",
        "lower_limit": "GND",
        "source": "ENR 5.1",
        "parse_method": "deterministic"
      },
      "geometry": {
        "type": "Polygon",
        "coordinates": [
          [
            [
              80.298611,
              13.118056
            ],
            [
              80.448333,
              13.301389
            ],
            [
              80.531667,
              13.101389
            ],
            [
              80.431667,
              12.934722
            ],
            [
              80.298611,
              13.118056
            ]
          ]
        ]
      }
    },
    {
      "type": "Feature",
      "properties": {
        "name": "VOD 177 Kavalur",
        "type": "Danger",
        "upper_limit": "26500 FT AMSL",
        "lower_limit": "GND",
        "source": "ENR 5.1",
        "parse_method": "deterministic"
      },
      "geometry": {
        "type": "Polygon",
        "coordinates": [
          [
            [
              78.944034,
              12.5775
            ],
            [
              78.943457,
              12.588967
            ],
            [
              78.941731,
              12.600324
            ],
            [
              78.938872,
              12.611461
            ],
            [
              78.934909,
              12.62227
            ],
            [
              78.92988,
              12.632649
            ],
            [
              78.923833,
              12.642497
            ],
            [
              78.916825,
              12.651718
            ],
            [
              78.908926,
              12.660225
            ],
            [
              78.90021,
              12.667935
            ],
            [
              78.890761,
              12.674774
            ],
            [
              78.880672,
              12.680677
            ],
            [
              78.870038,
              12.685585
            ],
            [
              78.858962,
              12.689453
            ],
            [
              78.847552,
              12.692243
            ],
            [
              78.835916,
              12.693927
            ],
            [
              78.824167,
              12.694491
            ],
            [
              78.812418,
              12.693927
            ],
            [
              78.800782,
              12.692243
            ],
            [
              78.789371,
              12.689453
            ],
            [
              78.778295,
              12.685585
            ],
            [
              78.767662,
              12.680677
            ],
            [
              78.757572,
              12.674774
            ],
            [
              78.748124,
              12.667935
            ],
            [
              78.739408,
              12.660225
            ],
            [
              78.731508,
              12.651718
            ],
            [
              78.724501,
              12.642497
            ],
            [
              78.718453,
              12.632649
            ],
            [
              78.713424,
              12.62227
            ],
            [
              78.709461,
              12.611461
            ],
            [
              78.706603,
              12.600324
            ],
            [
              78.704877,
              12.588967
            ],
            [
              78.704299,
              12.5775
            ],
            [
              78.704877,
              12.566033
            ],
            [
              78.706603,
              12.554676
            ],
            [
              78.709461,
              12.543539
            ],
            [
              78.713424,
              12.53273
            ],
            [
              78.718453,
              12.522351
            ],
            [
              78.724501,
              12.512503
            ],
            [
              78.731508,
              12.503282
            ],
            [
              78.739408,
              12.494775
            ],
            [
              78.748124,
              12.487065
            ],
            [
              78.757572,
              12.480226
            ],
            [
              78.767662,
              12.474323
            ],
            [
              78.778295,
              12.469415
            ],
            [
              78.789371,
              12.465547
            ],
            [
              78.800782,
              12.462757
            ],
            [
              78.812418,
              12.461073
            ],
            [
              78.824167,
              12.460509
            ],
            [
              78.835916,
              12.461073
            ],
            [
              78.847552,
              12.462757
            ],
            [
              78.858962,
              12.465547
            ],
            [
              78.870038,
              12.469415
            ],
            [
              78.880672,
              12.474323
            ],
            [
              78.890761,
              12.480226
            ],
            [
              78.90021,
              12.487065
            ],
            [
              78.908926,
              12.494775
            ],
            [
              78.916825,
              12.503282
            ],
            [
              78.923833,
              12.512503
            ],
            [
              78.92988,
              12.522351
            ],
            [
              78.934909,
              12.53273
            ],
            [
              78.938872,
              12.543539
            ],
            [
              78.941731,
              12.554676
            ],
            [
              78.943457,
              12.566033
            ],
            [
              78.944034,
              12.5775
            ]
          ]
        ]
      }
    },
    {
      "type": "Feature",
      "properties": {
        "name": "VOD 178 Pigeon Island",
        "type": "Danger",
        "upper_limit": "28000 FT AMSL",
        "lower_limit": "MSL",
        "source": "ENR 5.1",
        "parse_method": "deterministic"
      },
      "geometry": {
        "type": "Polygon",
        "coordinates": [
          [
            [
              74.465833,
              14.018056
            ],
            [
              74.465833,
              13.851389
            ],
            [
              74.1325,
              13.851389
            ],
            [
              74.1325,
              14.184722
            ],
            [
              74.3825,
              14.151389
            ],
            [
              74.465833,
              14.018056
            ]
          ]
        ]
      }
    },
    {
      "type": "Feature",
      "properties": {
        "name": "VOD 179A Varavina Kaval",
        "type": "Danger",
        "upper_limit": "5000 FT",
        "lower_limit": "GND",
        "source": "ENR 5.1",
        "parse_method": "deterministic"
      },
      "geometry": {
        "type": "Polygon",
        "coordinates": [
          [
            [
              76.5,
              14.325
            ],
            [
              76.5,
              14.425
            ],
            [
              76.65,
              14.425
            ],
            [
              76.5,
              14.325
            ]
          ]
        ]
      }
    },
    {
      "type": "Feature",
      "properties": {
        "name": "VOD 179B Varavina Kaval",
        "type": "Danger",
        "upper_limit": "6000 FT",
        "lower_limit": "GND",
        "source": "ENR 5.1",
        "parse_method": "deterministic"
      },
      "geometry": {
        "type": "Polygon",
        "coordinates": [
          [
            [
              76.747053,
              14.375
            ],
            [
              76.746225,
              14.391336
            ],
            [
              76.743747,
              14.407515
            ],
            [
              76.739645,
              14.423381
            ],
            [
              76.733957,
              14.438781
            ],
            [
              76.726738,
              14.453566
            ],
            [
              76.718057,
              14.467595
            ],
            [
              76.707999,
              14.480732
            ],
            [
              76.69666,
              14.492851
            ],
            [
              76.68415,
              14.503835
            ],
            [
              76.670588,
              14.513578
            ],
            [
              76.656105,
              14.521987
            ],
            [
              76.640842,
              14.52898
            ],
            [
              76.624944,
              14.53449
            ],
            [
              76.608566,
              14.538464
            ],
            [
              76.591864,
              14.540864
            ],
            [
              76.575,
              14.541667
            ],
            [
              76.558136,
              14.540864
            ],
            [
              76.541434,
              14.538464
            ],
            [
              76.525056,
              14.53449
            ],
            [
              76.509158,
              14.52898
            ],
            [
              76.493895,
              14.521987
            ],
            [
              76.479412,
              14.513578
            ],
            [
              76.46585,
              14.503835
            ],
            [
              76.45334,
              14.492851
            ],
            [
              76.442001,
              14.480732
            ],
            [
              76.431943,
              14.467595
            ],
            [
              76.423262,
              14.453566
            ],
            [
              76.416043,
              14.438781
            ],
            [
              76.410355,
              14.423381
            ],
            [
              76.406253,
              14.407515
            ],
            [
              76.403775,
              14.391336
            ],
            [
              76.402947,
              14.375
            ],
            [
              76.403775,
              14.358664
            ],
            [
              76.406253,
              14.342485
            ],
            [
              76.410355,
              14.326619
            ],
            [
              76.416043,
              14.311219
            ],
            [
              76.423262,
              14.296434
            ],
            [
              76.431943,
              14.282405
            ],
            [
              76.442001,
              14.269268
            ],
            [
              76.45334,
              14.257149
            ],
            [
              76.46585,
              14.246165
            ],
            [
              76.479412,
              14.236422
            ],
            [
              76.493895,
              14.228013
            ],
            [
              76.509158,
              14.22102
            ],
            [
              76.525056,
              14.21551
            ],
            [
              76.541434,
              14.211536
            ],
            [
              76.558136,
              14.209136
            ],
            [
              76.575,
              14.208333
            ],
            [
              76.591864,
              14.209136
            ],
            [
              76.608566,
              14.211536
            ],
            [
              76.624944,
              14.21551
            ],
            [
              76.640842,
              14.22102
            ],
            [
              76.656105,
              14.228013
            ],
            [
              76.670588,
              14.236422
            ],
            [
              76.68415,
              14.246165
            ],
            [
              76.69666,
              14.257149
            ],
            [
              76.707999,
              14.269268
            ],
            [
              76.718057,
              14.282405
            ],
            [
              76.726738,
              14.296434
            ],
            [
              76.733957,
              14.311219
            ],
            [
              76.739645,
              14.326619
            ],
            [
              76.743747,
              14.342485
            ],
            [
              76.746225,
              14.358664
            ],
            [
              76.747053,
              14.375
            ]
          ]
        ]
      }
    },
    {
      "type": "Feature",
      "properties": {
        "name": "VOD 180 Chennai FIR",
        "type": "Danger",
        "upper_limit": "40000 FT",
        "lower_limit": "MSL",
        "source": "ENR 5.1",
        "parse_method": "deterministic"
      },
      "geometry": {
        "type": "Polygon",
        "coordinates": [
          [
            [
              82.331667,
              13.251389
            ],
            [
              82.998056,
              13.251389
            ],
            [
              82.998056,
              13.834722
            ],
            [
              82.331667,
              13.834722
            ],
            [
              82.331667,
              13.251389
            ]
          ]
        ]
      }
    },
    {
      "type": "Feature",
      "properties": {
        "name": "VOD 188 Chengalpattu",
        "type": "Danger",
        "upper_limit": "19000 FT",
        "lower_limit": "GND",
        "source": "ENR 5.1",
        "parse_method": "deterministic"
      },
      "geometry": {
        "type": "Polygon",
        "coordinates": [
          [
            [
              79.998611,
              12.668056
            ],
            [
              80.081944,
              12.668056
            ],
            [
              80.081944,
              12.751389
            ],
            [
              79.998611,
              12.751389
            ],
            [
              79.998611,
              12.668056
            ]
          ]
        ]
      }
    },
    {
      "type": "Feature",
      "properties": {
        "name": "VOD 30 Bagad Asmara",
        "type": "Danger",
        "upper_limit": "6000 FT AMSL",
        "lower_limit": "GND",
        "source": "ENR 5.1",
        "parse_method": "deterministic"
      },
      "geometry": {
        "type": "Polygon",
        "coordinates": [
          [
            [
              74.415833,
              15.784444
            ],
            [
              74.415833,
              15.867778
            ],
            [
              74.499167,
              15.867778
            ],
            [
              74.499167,
              15.784444
            ],
            [
              74.415833,
              15.784444
            ]
          ]
        ]
      }
    },
    {
      "type": "Feature",
      "properties": {
        "name": "VOD 73 Vishakhapatnam",
        "type": "Danger",
        "upper_limit": "UNL",
        "lower_limit": "GND",
        "source": "ENR 5.1",
        "parse_method": "deterministic"
      },
      "geometry": {
        "type": "Polygon",
        "coordinates": [
          [
            [
              83.298056,
              17.701111
            ],
            [
              83.531389,
              17.784444
            ],
            [
              83.498056,
              17.567778
            ],
            [
              83.298056,
              17.467778
            ],
            [
              83.298056,
              17.701111
            ]
          ]
        ]
      }
    },
    {
      "type": "Feature",
      "properties": {
        "name": "VID 100 Buchohe Mandi",
        "type": "Danger",
        "upper_limit": "19000 FT",
        "lower_limit": "GND",
        "source": "ENR 5.1",
        "parse_method": "deterministic"
      },
      "geometry": {
        "type": "Polygon",
        "coordinates": [
          [
            [
              74.415833,
              32.866389
            ],
            [
              74.549167,
              32.866389
            ],
            [
              74.549167,
              32.966389
            ],
            [
              74.415833,
              32.966389
            ],
            [
              74.415833,
              32.866389
            ]
          ]
        ]
      }
    },
    {
      "type": "Feature",
      "properties": {
        "name": "VID 107 Gari",
        "type": "Danger",
        "upper_limit": "19000 FT",
        "lower_limit": "GND",
        "source": "ENR 5.1",
        "parse_method": "deterministic"
      },
      "geometry": {
        "type": "Polygon",
        "coordinates": [
          [
            [
              74.199167,
              33.166111
            ],
            [
              74.2325,
              33.166111
            ],
            [
              74.2325,
              33.199444
            ],
            [
              74.199167,
              33.199444
            ],
            [
              74.199167,
              33.166111
            ]
          ]
        ]
      }
    },
    {
      "type": "Feature",
      "properties": {
        "name": "VID 109 Hilly Terrain",
        "type": "Danger",
        "upper_limit": "2000 FT",
        "lower_limit": "GND",
        "source": "ENR 5.1",
        "parse_method": "deterministic"
      },
      "geometry": {
        "type": "Polygon",
        "coordinates": [
          [
            [
              78.765278,
              30.216667
            ],
            [
              79.565,
              30.05
            ],
            [
              79.765,
              29.85
            ],
            [
              79.448333,
              29.383333
            ],
            [
              78.498611,
              29.716667
            ],
            [
              78.765278,
              30.216667
            ]
          ]
        ]
      }
    },
    {
      "type": "Feature",
      "properties": {
        "name": "VID 110-A Hoshiarpur (New)",
        "type": "Danger",
        "upper_limit": "23000 FT",
        "lower_limit": "GND",
        "source": "ENR 5.1",
        "parse_method": "deterministic"
      },
      "geometry": {
        "type": "Polygon",
        "coordinates": [
          [
            [
              75.982222,
              31.566389
            ],
            [
              76.098889,
              31.566389
            ],
            [
              76.098889,
              31.666389
            ],
            [
              75.982222,
              31.666389
            ],
            [
              75.982222,
              31.566389
            ]
          ]
        ]
      }
    },
    {
      "type": "Feature",
      "properties": {
        "name": "VID 110-B Hoshiarpur (Old)",
        "type": "Danger",
        "upper_limit": "23000 FT",
        "lower_limit": "GND",
        "source": "ENR 5.1",
        "parse_method": "deterministic"
      },
      "geometry": {
        "type": "Polygon",
        "coordinates": [
          [
            [
              75.832222,
              31.549722
            ],
            [
              75.998889,
              31.549722
            ],
            [
              75.998889,
              31.699722
            ],
            [
              75.832222,
              31.699722
            ],
            [
              75.832222,
              31.549722
            ]
          ]
        ]
      }
    },
    {
      "type": "Feature",
      "properties": {
        "name": "VID 111 Ismailpur",
        "type": "Danger",
        "upper_limit": "37000 FT",
        "lower_limit": "GND",
        "source": "ENR 5.1",
        "parse_method": "deterministic"
      },
      "geometry": {
        "type": "Polygon",
        "coordinates": [
          [
            [
              75.932222,
              32.583056
            ],
            [
              76.098889,
              32.583056
            ],
            [
              76.098889,
              32.749722
            ],
            [
              75.932222,
              32.749722
            ],
            [
              75.932222,
              32.583056
            ]
          ]
        ]
      }
    },
    {
      "type": "Feature",
      "properties": {
        "name": "VID 112 Jhalas",
        "type": "Danger",
        "upper_limit": "19000 FT",
        "lower_limit": "GND",
        "source": "ENR 5.1",
        "parse_method": "deterministic"
      },
      "geometry": {
        "type": "Polygon",
        "coordinates": [
          [
            [
              74.0325,
              33.716111
            ],
            [
              74.065833,
              33.716111
            ],
            [
              74.065833,
              33.749444
            ],
            [
              74.0325,
              33.749444
            ],
            [
              74.0325,
              33.716111
            ]
          ]
        ]
      }
    },
    {
      "type": "Feature",
      "properties": {
        "name": "VID 113 Kalith",
        "type": "Danger",
        "upper_limit": "37000 FT",
        "lower_limit": "GND",
        "source": "ENR 5.1",
        "parse_method": "deterministic"
      },
      "geometry": {
        "type": "Polygon",
        "coordinates": [
          [
            [
              74.415833,
              32.833056
            ],
            [
              74.5825,
              32.833056
            ],
            [
              74.5825,
              32.949722
            ],
            [
              74.415833,
              32.949722
            ],
            [
              74.415833,
              32.833056
            ]
          ]
        ]
      }
    },
    {
      "type": "Feature",
      "properties": {
        "name": "VID 114 Kharindwa",
        "type": "Danger",
        "upper_limit": "UNL",
        "lower_limit": "GND",
        "source": "ENR 5.1",
        "parse_method": "deterministic"
      },
      "geometry": {
        "type": "Polygon",
        "coordinates": [
          [
            [
              76.832222,
              30.0
            ],
            [
              76.998889,
              30.0
            ],
            [
              76.998611,
              30.2
            ],
            [
              76.832222,
              30.2
            ],
            [
              76.832222,
              30.0
            ]
          ]
        ]
      }
    },
    {
      "type": "Feature",
      "properties": {
        "name": "VID 116 Mahajan",
        "type": "Danger",
        "upper_limit": "UNL",
        "lower_limit": "GND",
        "source": "ENR 5.1",
        "parse_method": "deterministic"
      },
      "geometry": {
        "type": "Polygon",
        "coordinates": [
          [
            [
              73.565833,
              29.036667
            ],
            [
              73.815833,
              29.061667
            ],
            [
              73.794167,
              28.691667
            ],
            [
              73.479167,
              28.525
            ],
            [
              73.2325,
              28.591667
            ],
            [
              73.565833,
              29.036667
            ]
          ]
        ]
      }
    },
    {
      "type": "Feature",
      "properties": {
        "name": "VID 117 Mahe",
        "type": "Danger",
        "upper_limit": "35000 FT",
        "lower_limit": "GND",
        "source": "ENR 5.1",
        "parse_method": "deterministic"
      },
      "geometry": {
        "type": "Polygon",
        "coordinates": [
          [
            [
              78.415278,
              33.133056
            ],
            [
              78.748333,
              33.133056
            ],
            [
              78.748333,
              33.299722
            ],
            [
              78.415278,
              33.299722
            ],
            [
              78.415278,
              33.133056
            ]
          ]
        ]
      }
    },
    {
      "type": "Feature",
      "properties": {
        "name": "VID 120 Nal",
        "type": "Danger",
        "upper_limit": "3500 FT",
        "lower_limit": "GND",
        "source": "ENR 5.1",
        "parse_method": "deterministic"
      },
      "geometry": {
        "type": "Polygon",
        "coordinates": [
          [
            [
              73.066111,
              27.916667
            ],
            [
              73.265833,
              27.916667
            ],
            [
              73.265833,
              28.083333
            ],
            [
              73.066111,
              28.083333
            ],
            [
              73.066111,
              27.916667
            ]
          ]
        ]
      }
    },
    {
      "type": "Feature",
      "properties": {
        "name": "VID 121 Nandini",
        "type": "Danger",
        "upper_limit": "19000 FT",
        "lower_limit": "GND",
        "source": "ENR 5.1",
        "parse_method": "deterministic"
      },
      "geometry": {
        "type": "Polygon",
        "coordinates": [
          [
            [
              75.102,
              32.574722
            ],
            [
              75.101905,
              32.576356
            ],
            [
              75.10162,
              32.577974
            ],
            [
              75.101149,
              32.57956
            ],
            [
              75.100495,
              32.5811
            ],
            [
              75.099665,
              32.582579
            ],
            [
              75.098667,
              32.583982
            ],
            [
              75.097511,
              32.585295
            ],
            [
              75.096207,
              32.586507
            ],
            [
              75.094769,
              32.587606
            ],
            [
              75.09321,
              32.58858
            ],
            [
              75.091545,
              32.589421
            ],
            [
              75.089791,
              32.59012
            ],
            [
              75.087963,
              32.590671
            ],
            [
              75.086081,
              32.591069
            ],
            [
              75.084161,
              32.591309
            ],
            [
              75.082222,
              32.591389
            ],
            [
              75.080284,
              32.591309
            ],
            [
              75.078364,
              32.591069
            ],
            [
              75.076481,
              32.590671
            ],
            [
              75.074654,
              32.59012
            ],
            [
              75.072899,
              32.589421
            ],
            [
              75.071234,
              32.58858
            ],
            [
              75.069675,
              32.587606
            ],
            [
              75.068237,
              32.586507
            ],
            [
              75.066934,
              32.585295
            ],
            [
              75.065777,
              32.583982
            ],
            [
              75.06478,
              32.582579
            ],
            [
              75.06395,
              32.5811
            ],
            [
              75.063296,
              32.57956
            ],
            [
              75.062824,
              32.577974
            ],
            [
              75.06254,
              32.576356
            ],
            [
              75.062444,
              32.574722
            ],
            [
              75.06254,
              32.573089
            ],
            [
              75.062824,
              32.571471
            ],
            [
              75.063296,
              32.569884
            ],
            [
              75.06395,
              32.568344
            ],
            [
              75.06478,
              32.566866
            ],
            [
              75.065777,
              32.565463
            ],
            [
              75.066934,
              32.564149
            ],
            [
              75.068237,
              32.562937
            ],
            [
              75.069675,
              32.561839
            ],
            [
              75.071234,
              32.560864
            ],
            [
              75.072899,
              32.560024
            ],
            [
              75.074654,
              32.559324
            ],
            [
              75.076481,
              32.558773
            ],
            [
              75.078364,
              32.558376
            ],
            [
              75.080284,
              32.558136
            ],
            [
              75.082222,
              32.558056
            ],
            [
              75.084161,
              32.558136
            ],
            [
              75.086081,
              32.558376
            ],
            [
              75.087963,
              32.558773
            ],
            [
              75.089791,
              32.559324
            ],
            [
              75.091545,
              32.560024
            ],
            [
              75.09321,
              32.560864
            ],
            [
              75.094769,
              32.561839
            ],
            [
              75.096207,
              32.562937
            ],
            [
              75.097511,
              32.564149
            ],
            [
              75.098667,
              32.565463
            ],
            [
              75.099665,
              32.566866
            ],
            [
              75.100495,
              32.568344
            ],
            [
              75.101149,
              32.569884
            ],
            [
              75.10162,
              32.571471
            ],
            [
              75.101905,
              32.573089
            ],
            [
              75.102,
              32.574722
            ]
          ]
        ]
      }
    },
    {
      "type": "Feature",
      "properties": {
        "name": "VID 122 Naraingarh",
        "type": "Danger",
        "upper_limit": "37000 FT",
        "lower_limit": "GND",
        "source": "ENR 5.1",
        "parse_method": "deterministic"
      },
      "geometry": {
        "type": "Polygon",
        "coordinates": [
          [
            [
              77.031944,
              30.5
            ],
            [
              77.198611,
              30.5
            ],
            [
              77.198611,
              30.749722
            ],
            [
              77.031944,
              30.749722
            ],
            [
              77.031944,
              30.5
            ]
          ]
        ]
      }
    },
    {
      "type": "Feature",
      "properties": {
        "name": "VID 125 Ramanga",
        "type": "Danger",
        "upper_limit": "19000 FT",
        "lower_limit": "GND",
        "source": "ENR 5.1",
        "parse_method": "deterministic"
      },
      "geometry": {
        "type": "Polygon",
        "coordinates": [
          [
            [
              79.365,
              28.233333
            ],
            [
              79.415,
              28.233333
            ],
            [
              79.415,
              28.3
            ],
            [
              79.365,
              28.3
            ],
            [
              79.365,
              28.233333
            ]
          ]
        ]
      }
    },
    {
      "type": "Feature",
      "properties": {
        "name": "VID 126 Raipur",
        "type": "Danger",
        "upper_limit": "19000 FT",
        "lower_limit": "GND",
        "source": "ENR 5.1",
        "parse_method": "deterministic"
      },
      "geometry": {
        "type": "Polygon",
        "coordinates": [
          [
            [
              78.098611,
              30.3
            ],
            [
              78.148611,
              30.3
            ],
            [
              78.148611,
              30.333333
            ],
            [
              78.098611,
              30.333333
            ],
            [
              78.098611,
              30.3
            ]
          ]
        ]
      }
    },
    {
      "type": "Feature",
      "properties": {
        "name": "VID 127 Rajauri",
        "type": "Danger",
        "upper_limit": "37000 FT",
        "lower_limit": "GND",
        "source": "ENR 5.1",
        "parse_method": "deterministic"
      },
      "geometry": {
        "type": "Polygon",
        "coordinates": [
          [
            [
              74.365833,
              33.283056
            ],
            [
              74.4825,
              33.283056
            ],
            [
              74.4825,
              33.366111
            ],
            [
              74.365833,
              33.366111
            ],
            [
              74.365833,
              33.283056
            ]
          ]
        ]
      }
    },
    {
      "type": "Feature",
      "properties": {
        "name": "VID 129 Sidwan Khas",
        "type": "Danger",
        "upper_limit": "20000 FT",
        "lower_limit": "GND",
        "source": "ENR 5.1",
        "parse_method": "deterministic"
      },
      "geometry": {
        "type": "Polygon",
        "coordinates": [
          [
            [
              75.379444,
              30.910556
            ],
            [
              75.439722,
              30.896389
            ],
            [
              75.443611,
              30.896944
            ],
            [
              75.444167,
              30.891944
            ],
            [
              75.437222,
              30.892222
            ],
            [
              75.382778,
              30.87
            ],
            [
              75.379444,
              30.910556
            ]
          ]
        ]
      }
    },
    {
      "type": "Feature",
      "properties": {
        "name": "VID 132 Sumdo",
        "type": "Danger",
        "upper_limit": "17000 FT",
        "lower_limit": "GND",
        "source": "ENR 5.1",
        "parse_method": "deterministic"
      },
      "geometry": {
        "type": "Polygon",
        "coordinates": [
          [
            [
              78.498611,
              32.033056
            ],
            [
              78.665278,
              32.033056
            ],
            [
              78.665278,
              32.116389
            ],
            [
              78.498611,
              32.116389
            ],
            [
              78.498611,
              32.033056
            ]
          ]
        ]
      }
    },
    {
      "type": "Feature",
      "properties": {
        "name": "VID 133 Tanda",
        "type": "Danger",
        "upper_limit": "19000 FT",
        "lower_limit": "GND",
        "source": "ENR 5.1",
        "parse_method": "deterministic"
      },
      "geometry": {
        "type": "Polygon",
        "coordinates": [
          [
            [
              76.298889,
              32.108056
            ],
            [
              76.315556,
              32.108056
            ],
            [
              76.315556,
              32.141389
            ],
            [
              76.298889,
              32.141389
            ],
            [
              76.298889,
              32.108056
            ]
          ]
        ]
      }
    },
    {
      "type": "Feature",
      "properties": {
        "name": "VID 135 Thalkhedar",
        "type": "Danger",
        "upper_limit": "19000 FT",
        "lower_limit": "GND",
        "source": "ENR 5.1",
        "parse_method": "deterministic"
      },
      "geometry": {
        "type": "Polygon",
        "coordinates": [
          [
            [
              80.148333,
              29.5
            ],
            [
              80.248333,
              29.5
            ],
            [
              80.248333,
              29.566667
            ],
            [
              80.148333,
              29.566667
            ],
            [
              80.148333,
              29.5
            ]
          ]
        ]
      }
    },
    {
      "type": "Feature",
      "properties": {
        "name": "VID 136 Majha",
        "type": "Danger",
        "upper_limit": "19000 FT",
        "lower_limit": "GND",
        "source": "ENR 5.1",
        "parse_method": "deterministic"
      },
      "geometry": {
        "type": "Polygon",
        "coordinates": [
          [
            [
              82.100061,
              26.800278
            ],
            [
              82.099971,
              26.801911
            ],
            [
              82.099702,
              26.803529
            ],
            [
              82.099257,
              26.805116
            ],
            [
              82.09864,
              26.806656
            ],
            [
              82.097856,
              26.808134
            ],
            [
              82.096914,
              26.809537
            ],
            [
              82.095823,
              26.810851
            ],
            [
              82.094592,
              26.812063
            ],
            [
              82.093235,
              26.813161
            ],
            [
              82.091763,
              26.814136
            ],
            [
              82.090191,
              26.814976
            ],
            [
              82.088535,
              26.815676
            ],
            [
              82.086809,
              26.816227
            ],
            [
              82.085032,
              26.816624
            ],
            [
              82.083219,
              26.816864
            ],
            [
              82.081389,
              26.816944
            ],
            [
              82.079559,
              26.816864
            ],
            [
              82.077746,
              26.816624
            ],
            [
              82.075969,
              26.816227
            ],
            [
              82.074243,
              26.815676
            ],
            [
              82.072587,
              26.814976
            ],
            [
              82.071015,
              26.814136
            ],
            [
              82.069543,
              26.813161
            ],
            [
              82.068186,
              26.812063
            ],
            [
              82.066955,
              26.810851
            ],
            [
              82.065863,
              26.809537
            ],
            [
              82.064921,
              26.808134
            ],
            [
              82.064138,
              26.806656
            ],
            [
              82.063521,
              26.805116
            ],
            [
              82.063075,
              26.803529
            ],
            [
              82.062806,
              26.801911
            ],
            [
              82.062717,
              26.800278
            ],
            [
              82.062806,
              26.798644
            ],
            [
              82.063075,
              26.797026
            ],
            [
              82.063521,
              26.79544
            ],
            [
              82.064138,
              26.7939
            ],
            [
              82.064921,
              26.792421
            ],
            [
              82.065863,
              26.791018
            ],
            [
              82.066955,
              26.789705
            ],
            [
              82.068186,
              26.788493
            ],
            [
              82.069543,
              26.787394
            ],
            [
              82.071015,
              26.78642
            ],
            [
              82.072587,
              26.785579
            ],
            [
              82.074243,
              26.78488
            ],
            [
              82.075969,
              26.784329
            ],
            [
              82.077746,
              26.783931
            ],
            [
              82.079559,
              26.783691
            ],
            [
              82.081389,
              26.783611
            ],
            [
              82.083219,
              26.783691
            ],
            [
              82.085032,
              26.783931
            ],
            [
              82.086809,
              26.784329
            ],
            [
              82.088535,
              26.78488
            ],
            [
              82.090191,
              26.785579
            ],
            [
              82.091763,
              26.78642
            ],
            [
              82.093235,
              26.787394
            ],
            [
              82.094592,
              26.788493
            ],
            [
              82.095823,
              26.789705
            ],
            [
              82.096914,
              26.791018
            ],
            [
              82.097856,
              26.792421
            ],
            [
              82.09864,
              26.7939
            ],
            [
              82.099257,
              26.79544
            ],
            [
              82.099702,
              26.797026
            ],
            [
              82.099971,
              26.798644
            ],
            [
              82.100061,
              26.800278
            ]
          ]
        ]
      }
    },
    {
      "type": "Feature",
      "properties": {
        "name": "VID 137 Tilpat",
        "type": "Danger",
        "upper_limit": "500 FT AGL",
        "lower_limit": "GND",
        "source": "ENR 5.1",
        "parse_method": "deterministic"
      },
      "geometry": {
        "type": "Polygon",
        "coordinates": [
          [
            [
              77.418056,
              28.37
            ],
            [
              77.463889,
              28.430556
            ],
            [
              77.370833,
              28.491667
            ],
            [
              77.345833,
              28.498611
            ],
            [
              77.308333,
              28.470833
            ],
            [
              77.3125,
              28.416667
            ],
            [
              77.318056,
              28.395833
            ],
            [
              77.343056,
              28.375
            ],
            [
              77.418056,
              28.37
            ]
          ]
        ]
      }
    },
    {
      "type": "Feature",
      "properties": {
        "name": "VID 165 Siri Mutra",
        "type": "Danger",
        "upper_limit": "8000 FT",
        "lower_limit": "GND",
        "source": "ENR 5.1",
        "parse_method": "deterministic"
      },
      "geometry": {
        "type": "Polygon",
        "coordinates": [
          [
            [
              77.615278,
              26.516944
            ],
            [
              77.548611,
              26.400278
            ],
            [
              77.265556,
              26.266944
            ],
            [
              77.165556,
              26.416944
            ],
            [
              77.115556,
              26.500278
            ],
            [
              77.615278,
              26.516944
            ]
          ]
        ]
      }
    },
    {
      "type": "Feature",
      "properties": {
        "name": "VID 169 Birgugiana",
        "type": "Danger",
        "upper_limit": "36000 FT",
        "lower_limit": "GND",
        "source": "ENR 5.1",
        "parse_method": "deterministic"
      },
      "geometry": {
        "type": "Polygon",
        "coordinates": [
          [
            [
              74.582222,
              30.748889
            ],
            [
              74.6825,
              30.748889
            ],
            [
              74.6825,
              30.866389
            ],
            [
              74.582222,
              30.866389
            ],
            [
              74.582222,
              30.748889
            ]
          ]
        ]
      }
    },
    {
      "type": "Feature",
      "properties": {
        "name": "VID 170 Kutra",
        "type": "Danger",
        "upper_limit": "45000 FT",
        "lower_limit": "GND",
        "source": "ENR 5.1",
        "parse_method": "deterministic"
      },
      "geometry": {
        "type": "Polygon",
        "coordinates": [
          [
            [
              79.650431,
              27.350278
            ],
            [
              79.650341,
              27.351911
            ],
            [
              79.65007,
              27.353529
            ],
            [
              79.649623,
              27.355116
            ],
            [
              79.649003,
              27.356656
            ],
            [
              79.648215,
              27.358134
            ],
            [
              79.647269,
              27.359537
            ],
            [
              79.646172,
              27.360851
            ],
            [
              79.644935,
              27.362063
            ],
            [
              79.643571,
              27.363161
            ],
            [
              79.642092,
              27.364136
            ],
            [
              79.640512,
              27.364976
            ],
            [
              79.638847,
              27.365676
            ],
            [
              79.637114,
              27.366227
            ],
            [
              79.635327,
              27.366624
            ],
            [
              79.633506,
              27.366864
            ],
            [
              79.631667,
              27.366944
            ],
            [
              79.629827,
              27.366864
            ],
            [
              79.628006,
              27.366624
            ],
            [
              79.62622,
              27.366227
            ],
            [
              79.624486,
              27.365676
            ],
            [
              79.622821,
              27.364976
            ],
            [
              79.621242,
              27.364136
            ],
            [
              79.619763,
              27.363161
            ],
            [
              79.618398,
              27.362063
            ],
            [
              79.617162,
              27.360851
            ],
            [
              79.616065,
              27.359537
            ],
            [
              79.615118,
              27.358134
            ],
            [
              79.614331,
              27.356656
            ],
            [
              79.61371,
              27.355116
            ],
            [
              79.613263,
              27.353529
            ],
            [
              79.612993,
              27.351911
            ],
            [
              79.612902,
              27.350278
            ],
            [
              79.612993,
              27.348644
            ],
            [
              79.613263,
              27.347026
            ],
            [
              79.61371,
              27.34544
            ],
            [
              79.614331,
              27.3439
            ],
            [
              79.615118,
              27.342421
            ],
            [
              79.616065,
              27.341018
            ],
            [
              79.617162,
              27.339705
            ],
            [
              79.618398,
              27.338493
            ],
            [
              79.619763,
              27.337394
            ],
            [
              79.621242,
              27.33642
            ],
            [
              79.622821,
              27.335579
            ],
            [
              79.624486,
              27.33488
            ],
            [
              79.62622,
              27.334329
            ],
            [
              79.628006,
              27.333931
            ],
            [
              79.629827,
              27.333691
            ],
            [
              79.631667,
              27.333611
            ],
            [
              79.633506,
              27.333691
            ],
            [
              79.635327,
              27.333931
            ],
            [
              79.637114,
              27.334329
            ],
            [
              79.638847,
              27.33488
            ],
            [
              79.640512,
              27.335579
            ],
            [
              79.642092,
              27.33642
            ],
            [
              79.643571,
              27.337394
            ],
            [
              79.644935,
              27.338493
            ],
            [
              79.646172,
              27.339705
            ],
            [
              79.647269,
              27.341018
            ],
            [
              79.648215,
              27.342421
            ],
            [
              79.649003,
              27.3439
            ],
            [
              79.649623,
              27.34544
            ],
            [
              79.65007,
              27.347026
            ],
            [
              79.650341,
              27.348644
            ],
            [
              79.650431,
              27.350278
            ]
          ]
        ]
      }
    },
    {
      "type": "Feature",
      "properties": {
        "name": "VID 230 Barnala",
        "type": "Danger",
        "upper_limit": "FL 190",
        "lower_limit": "GND",
        "source": "ENR 5.1",
        "parse_method": "deterministic"
      },
      "geometry": {
        "type": "Polygon",
        "coordinates": [
          [
            [
              75.654356,
              30.416667
            ],
            [
              75.653853,
              30.425488
            ],
            [
              75.65235,
              30.434223
            ],
            [
              75.649862,
              30.44279
            ],
            [
              75.646412,
              30.451105
            ],
            [
              75.642033,
              30.459089
            ],
            [
              75.636769,
              30.466664
            ],
            [
              75.630668,
              30.473757
            ],
            [
              75.623791,
              30.480301
            ],
            [
              75.616203,
              30.486232
            ],
            [
              75.607977,
              30.491493
            ],
            [
              75.599193,
              30.496033
            ],
            [
              75.589935,
              30.499809
            ],
            [
              75.580293,
              30.502784
            ],
            [
              75.570359,
              30.50493
            ],
            [
              75.560229,
              30.506226
            ],
            [
              75.55,
              30.506659
            ],
            [
              75.539771,
              30.506226
            ],
            [
              75.529641,
              30.50493
            ],
            [
              75.519707,
              30.502784
            ],
            [
              75.510065,
              30.499809
            ],
            [
              75.500807,
              30.496033
            ],
            [
              75.492023,
              30.491493
            ],
            [
              75.483797,
              30.486232
            ],
            [
              75.476209,
              30.480301
            ],
            [
              75.469332,
              30.473757
            ],
            [
              75.463231,
              30.466664
            ],
            [
              75.457967,
              30.459089
            ],
            [
              75.453588,
              30.451105
            ],
            [
              75.450138,
              30.44279
            ],
            [
              75.44765,
              30.434223
            ],
            [
              75.446147,
              30.425488
            ],
            [
              75.445644,
              30.416667
            ],
            [
              75.446147,
              30.407846
            ],
            [
              75.44765,
              30.39911
            ],
            [
              75.450138,
              30.390543
            ],
            [
              75.453588,
              30.382228
            ],
            [
              75.457967,
              30.374244
            ],
            [
              75.463231,
              30.366669
            ],
            [
              75.469332,
              30.359576
            ],
            [
              75.476209,
              30.353032
            ],
            [
              75.483797,
              30.347101
            ],
            [
              75.492023,
              30.34184
            ],
            [
              75.500807,
              30.3373
            ],
            [
              75.510065,
              30.333524
            ],
            [
              75.519707,
              30.330549
            ],
            [
              75.529641,
              30.328403
            ],
            [
              75.539771,
              30.327107
            ],
            [
              75.55,
              30.326674
            ],
            [
              75.560229,
              30.327107
            ],
            [
              75.570359,
              30.328403
            ],
            [
              75.580293,
              30.330549
            ],
            [
              75.589935,
              30.333524
            ],
            [
              75.599193,
              30.3373
            ],
            [
              75.607977,
              30.34184
            ],
            [
              75.616203,
              30.347101
            ],
            [
              75.623791,
              30.353032
            ],
            [
              75.630668,
              30.359576
            ],
            [
              75.636769,
              30.366669
            ],
            [
              75.642033,
              30.374244
            ],
            [
              75.646412,
              30.382228
            ],
            [
              75.649862,
              30.390543
            ],
            [
              75.65235,
              30.39911
            ],
            [
              75.653853,
              30.407846
            ],
            [
              75.654356,
              30.416667
            ]
          ]
        ]
      }
    },
    {
      "type": "Feature",
      "properties": {
        "name": "VID 96 Asan",
        "type": "Danger",
        "upper_limit": "37000 FT",
        "lower_limit": "GND",
        "source": "ENR 5.1",
        "parse_method": "deterministic"
      },
      "geometry": {
        "type": "Polygon",
        "coordinates": [
          [
            [
              77.565278,
              30.441667
            ],
            [
              77.731944,
              30.441667
            ],
            [
              77.881944,
              30.316667
            ],
            [
              77.831944,
              30.2
            ],
            [
              77.631944,
              30.283333
            ],
            [
              77.581944,
              30.366667
            ],
            [
              77.565278,
              30.441667
            ]
          ]
        ]
      }
    },
    {
      "type": "Feature",
      "properties": {
        "name": "VID 98 Balwanta",
        "type": "Danger",
        "upper_limit": "10000 FT AMSL",
        "lower_limit": "GND",
        "source": "ENR 5.1",
        "parse_method": "deterministic"
      },
      "geometry": {
        "type": "Polygon",
        "coordinates": [
          [
            [
              77.665278,
              26.333611
            ],
            [
              77.715278,
              26.333611
            ],
            [
              77.715278,
              26.383611
            ],
            [
              77.665278,
              26.383611
            ],
            [
              77.665278,
              26.333611
            ]
          ]
        ]
      }
    },
    {
      "type": "Feature",
      "properties": {
        "name": "VID 99 Babina",
        "type": "Danger",
        "upper_limit": "37000 FT AMSL",
        "lower_limit": "GND",
        "source": "ENR 5.1",
        "parse_method": "deterministic"
      },
      "geometry": {
        "type": "Polygon",
        "coordinates": [
          [
            [
              78.248611,
              25.166944
            ],
            [
              78.448611,
              25.166944
            ],
            [
              78.448611,
              25.400278
            ],
            [
              78.248611,
              25.400278
            ],
            [
              78.248611,
              25.166944
            ]
          ]
        ]
      }
    },
    {
      "type": "Feature",
      "properties": {
        "name": "VED 200 Maner",
        "type": "Danger",
        "upper_limit": "8000 FT",
        "lower_limit": "GND",
        "source": "ENR 5.1",
        "parse_method": "deterministic"
      },
      "geometry": {
        "type": "Polygon",
        "coordinates": [
          [
            [
              84.831111,
              25.600556
            ],
            [
              84.881111,
              25.600556
            ],
            [
              84.881111,
              25.633889
            ],
            [
              84.831111,
              25.633889
            ],
            [
              84.831111,
              25.600556
            ]
          ]
        ]
      }
    },
    {
      "type": "Feature",
      "properties": {
        "name": "VED 201 Dulland Mukh",
        "type": "Danger",
        "upper_limit": "35000 FT AMSL",
        "lower_limit": "GND",
        "source": "ENR 5.1",
        "parse_method": "deterministic"
      },
      "geometry": {
        "type": "Polygon",
        "coordinates": [
          [
            [
              94.058611,
              27.649167
            ],
            [
              94.6625,
              27.649167
            ],
            [
              94.6625,
              27.4125
            ],
            [
              94.302222,
              27.335556
            ],
            [
              94.058611,
              27.649167
            ]
          ]
        ]
      }
    },
    {
      "type": "Feature",
      "properties": {
        "name": "VED 232 LPR Khamaria Jabalpur",
        "type": "Danger",
        "upper_limit": "FL 250",
        "lower_limit": "GND",
        "source": "ENR 5.1",
        "parse_method": "deterministic"
      },
      "geometry": {
        "type": "Polygon",
        "coordinates": [
          [
            [
              80.05,
              23.383333
            ],
            [
              80.183333,
              23.383333
            ],
            [
              80.183333,
              23.233333
            ],
            [
              80.05,
              23.233333
            ],
            [
              80.05,
              23.383333
            ]
          ]
        ]
      }
    },
    {
      "type": "Feature",
      "properties": {
        "name": "VED 52 Balasore",
        "type": "Danger",
        "upper_limit": "UNL",
        "lower_limit": "GND",
        "source": "ENR 5.1",
        "parse_method": "deterministic"
      },
      "geometry": {
        "type": "Polygon",
        "coordinates": [
          [
            [
              86.9,
              20.95
            ],
            [
              87.9,
              21.683333
            ],
            [
              87.7,
              21.516667
            ],
            [
              87.383333,
              21.216667
            ],
            [
              86.9,
              20.95
            ]
          ]
        ]
      }
    },
    {
      "type": "Feature",
      "properties": {
        "name": "VED 53 Balasore",
        "type": "Danger",
        "upper_limit": "UNL",
        "lower_limit": "GND",
        "source": "ENR 5.1",
        "parse_method": "deterministic"
      },
      "geometry": {
        "type": "Polygon",
        "coordinates": [
          [
            [
              87.030833,
              21.459167
            ],
            [
              87.1975,
              21.309167
            ],
            [
              87.0475,
              21.006389
            ],
            [
              86.835,
              21.075833
            ],
            [
              86.811389,
              21.141111
            ],
            [
              86.8475,
              21.264722
            ],
            [
              87.030833,
              21.459167
            ]
          ]
        ]
      }
    },
    {
      "type": "Feature",
      "properties": {
        "name": "VED 56 Daranga",
        "type": "Danger",
        "upper_limit": "35000 FT",
        "lower_limit": "GND",
        "source": "ENR 5.1",
        "parse_method": "deterministic"
      },
      "geometry": {
        "type": "Polygon",
        "coordinates": [
          [
            [
              91.396944,
              26.750556
            ],
            [
              91.830278,
              26.750556
            ],
            [
              91.830278,
              26.883889
            ],
            [
              91.396944,
              26.883889
            ],
            [
              91.396944,
              26.750556
            ]
          ]
        ]
      }
    },
    {
      "type": "Feature",
      "properties": {
        "name": "VED 57 Deori Dumri",
        "type": "Danger",
        "upper_limit": "10000 FT",
        "lower_limit": "GND",
        "source": "ENR 5.1",
        "parse_method": "deterministic"
      },
      "geometry": {
        "type": "Polygon",
        "coordinates": [
          [
            [
              84.797778,
              24.167222
            ],
            [
              85.247778,
              24.167222
            ],
            [
              85.247778,
              24.500556
            ],
            [
              84.797778,
              24.500556
            ],
            [
              84.797778,
              24.167222
            ]
          ]
        ]
      }
    },
    {
      "type": "Feature",
      "properties": {
        "name": "VED 60 Horhap",
        "type": "Danger",
        "upper_limit": "10000 FT AMSL",
        "lower_limit": "GND",
        "source": "ENR 5.1",
        "parse_method": "deterministic"
      },
      "geometry": {
        "type": "Polygon",
        "coordinates": [
          [
            [
              85.347778,
              23.217222
            ],
            [
              85.514444,
              23.217222
            ],
            [
              85.514444,
              23.383889
            ],
            [
              85.347778,
              23.383889
            ],
            [
              85.347778,
              23.217222
            ]
          ]
        ]
      }
    },
    {
      "type": "Feature",
      "properties": {
        "name": "VED 61 Leimakhong",
        "type": "Danger",
        "upper_limit": "35000 FT",
        "lower_limit": "GND",
        "source": "ENR 5.1",
        "parse_method": "deterministic"
      },
      "geometry": {
        "type": "Polygon",
        "coordinates": [
          [
            [
              93.78,
              24.950556
            ],
            [
              93.863333,
              24.950556
            ],
            [
              93.863333,
              25.017222
            ],
            [
              93.78,
              25.017222
            ],
            [
              93.78,
              24.950556
            ]
          ]
        ]
      }
    },
    {
      "type": "Feature",
      "properties": {
        "name": "VED 65 Rushton",
        "type": "Danger",
        "upper_limit": "UNL",
        "lower_limit": "MSL",
        "source": "ENR 5.1",
        "parse_method": "deterministic"
      },
      "geometry": {
        "type": "Polygon",
        "coordinates": [
          [
            [
              87.9975,
              20.584167
            ],
            [
              88.997222,
              20.584167
            ],
            [
              88.997222,
              20.000833
            ],
            [
              87.9975,
              20.000833
            ],
            [
              87.9975,
              20.584167
            ]
          ]
        ]
      }
    },
    {
      "type": "Feature",
      "properties": {
        "name": "VED 68 Sikkim",
        "type": "Danger",
        "upper_limit": "35000 FT",
        "lower_limit": "GND",
        "source": "ENR 5.1",
        "parse_method": "deterministic"
      },
      "geometry": {
        "type": "Polygon",
        "coordinates": [
          [
            [
              88.497222,
              27.250278
            ],
            [
              88.830556,
              27.250278
            ],
            [
              88.830556,
              27.500278
            ],
            [
              88.497222,
              27.500278
            ],
            [
              88.497222,
              27.250278
            ]
          ]
        ]
      }
    },
    {
      "type": "Feature",
      "properties": {
        "name": "VED 69 Shillong",
        "type": "Danger",
        "upper_limit": "1200 FT",
        "lower_limit": "GND",
        "source": "ENR 5.1",
        "parse_method": "deterministic"
      },
      "geometry": {
        "type": "Polygon",
        "coordinates": [
          [
            [
              91.908611,
              25.679722
            ],
            [
              91.925278,
              25.679722
            ],
            [
              91.925278,
              25.663889
            ],
            [
              91.908611,
              25.663889
            ],
            [
              91.908611,
              25.679722
            ]
          ]
        ]
      }
    },
    {
      "type": "Feature",
      "properties": {
        "name": "VED 71 Testa",
        "type": "Danger",
        "upper_limit": "35000 FT",
        "lower_limit": "GND",
        "source": "ENR 5.1",
        "parse_method": "deterministic"
      },
      "geometry": {
        "type": "Polygon",
        "coordinates": [
          [
            [
              88.413889,
              26.750278
            ],
            [
              88.580556,
              26.750278
            ],
            [
              88.580556,
              26.916944
            ],
            [
              88.413889,
              26.916944
            ],
            [
              88.413889,
              26.750278
            ]
          ]
        ]
      }
    },
    {
      "type": "Feature",
      "properties": {
        "name": "VED 74 Assam Wildlife Sanctury",
        "type": "Danger",
        "upper_limit": "UNL",
        "lower_limit": "",
        "source": "ENR 5.1",
        "parse_method": "deterministic"
      },
      "geometry": {
        "type": "Polygon",
        "coordinates": [
          [
            [
              93.13,
              26.600556
            ],
            [
              93.546667,
              26.700556
            ],
            [
              93.546667,
              26.650556
            ],
            [
              93.13,
              26.600556
            ]
          ]
        ]
      }
    },
    {
      "type": "Feature",
      "properties": {
        "name": "VAD 11 Mumbai Missile Area(A)",
        "type": "Danger",
        "upper_limit": "UNL",
        "lower_limit": "GND",
        "source": "ENR 5.1",
        "parse_method": "deterministic"
      },
      "geometry": {
        "type": "Polygon",
        "coordinates": [
          [
            [
              71.999444,
              19.1675
            ],
            [
              72.332778,
              19.1675
            ],
            [
              72.332778,
              19.000833
            ],
            [
              71.999444,
              19.1675
            ]
          ]
        ]
      }
    },
    {
      "type": "Feature",
      "properties": {
        "name": "VAD 12 Mumbai Missile Area(B)",
        "type": "Danger",
        "upper_limit": "UNL",
        "lower_limit": "GND",
        "source": "ENR 5.1",
        "parse_method": "deterministic"
      },
      "geometry": {
        "type": "Polygon",
        "coordinates": [
          [
            [
              72.249444,
              19.000833
            ],
            [
              72.549444,
              18.834167
            ],
            [
              72.249444,
              18.834167
            ],
            [
              72.249444,
              19.000833
            ]
          ]
        ]
      }
    },
    {
      "type": "Feature",
      "properties": {
        "name": "VAD 13 Mumbai",
        "type": "Danger",
        "upper_limit": "UNL",
        "lower_limit": "GND",
        "source": "ENR 5.1",
        "parse_method": "deterministic"
      },
      "geometry": {
        "type": "Polygon",
        "coordinates": [
          [
            [
              72.249444,
              18.834167
            ],
            [
              72.549444,
              18.834167
            ],
            [
              72.549444,
              18.700833
            ],
            [
              72.249444,
              18.700833
            ],
            [
              72.249444,
              18.834167
            ]
          ]
        ]
      }
    },
    {
      "type": "Feature",
      "properties": {
        "name": "VAD 17 Goa",
        "type": "Danger",
        "upper_limit": "30000 FT",
        "lower_limit": "GND",
        "source": "ENR 5.1",
        "parse_method": "deterministic"
      },
      "geometry": {
        "type": "Polygon",
        "coordinates": [
          [
            [
              73.183333,
              15.15
            ],
            [
              73.483333,
              15.25
            ],
            [
              73.883333,
              14.333333
            ],
            [
              73.633333,
              14.2
            ],
            [
              73.183333,
              15.15
            ]
          ]
        ]
      }
    },
    {
      "type": "Feature",
      "properties": {
        "name": "VAD 19 Kirkee (Pune)",
        "type": "Danger",
        "upper_limit": "3000 FT",
        "lower_limit": "GND",
        "source": "ENR 5.1",
        "parse_method": "deterministic"
      },
      "geometry": {
        "type": "Polygon",
        "coordinates": [
          [
            [
              73.881832,
              18.559167
            ],
            [
              73.881688,
              18.561944
            ],
            [
              73.881258,
              18.564694
            ],
            [
              73.880545,
              18.567391
            ],
            [
              73.879557,
              18.570009
            ],
            [
              73.878303,
              18.572523
            ],
            [
              73.876795,
              18.574908
            ],
            [
              73.875048,
              18.577141
            ],
            [
              73.873078,
              18.579201
            ],
            [
              73.870905,
              18.581069
            ],
            [
              73.868549,
              18.582725
            ],
            [
              73.866033,
              18.584154
            ],
            [
              73.863382,
              18.585343
            ],
            [
              73.86062,
              18.58628
            ],
            [
              73.857775,
              18.586956
            ],
            [
              73.854874,
              18.587364
            ],
            [
              73.851944,
              18.5875
            ],
            [
              73.849015,
              18.587364
            ],
            [
              73.846114,
              18.586956
            ],
            [
              73.843269,
              18.58628
            ],
            [
              73.840507,
              18.585343
            ],
            [
              73.837856,
              18.584154
            ],
            [
              73.83534,
              18.582725
            ],
            [
              73.832984,
              18.581069
            ],
            [
              73.830811,
              18.579201
            ],
            [
              73.828841,
              18.577141
            ],
            [
              73.827094,
              18.574908
            ],
            [
              73.825586,
              18.572523
            ],
            [
              73.824332,
              18.570009
            ],
            [
              73.823344,
              18.567391
            ],
            [
              73.822631,
              18.564694
            ],
            [
              73.822201,
              18.561944
            ],
            [
              73.822057,
              18.559167
            ],
            [
              73.822201,
              18.55639
            ],
            [
              73.822631,
              18.553639
            ],
            [
              73.823344,
              18.550942
            ],
            [
              73.824332,
              18.548324
            ],
            [
              73.825586,
              18.54581
            ],
            [
              73.827094,
              18.543426
            ],
            [
              73.828841,
              18.541192
            ],
            [
              73.830811,
              18.539132
            ],
            [
              73.832984,
              18.537265
            ],
            [
              73.83534,
              18.535608
            ],
            [
              73.837856,
              18.534179
            ],
            [
              73.840507,
              18.53299
            ],
            [
              73.843269,
              18.532053
            ],
            [
              73.846114,
              18.531378
            ],
            [
              73.849015,
              18.53097
            ],
            [
              73.851944,
              18.530833
            ],
            [
              73.854874,
              18.53097
            ],
            [
              73.857775,
              18.531378
            ],
            [
              73.86062,
              18.532053
            ],
            [
              73.863382,
              18.53299
            ],
            [
              73.866033,
              18.534179
            ],
            [
              73.868549,
              18.535608
            ],
            [
              73.870905,
              18.537265
            ],
            [
              73.873078,
              18.539132
            ],
            [
              73.875048,
              18.541192
            ],
            [
              73.876795,
              18.543426
            ],
            [
              73.878303,
              18.54581
            ],
            [
              73.879557,
              18.548324
            ],
            [
              73.880545,
              18.550942
            ],
            [
              73.881258,
              18.553639
            ],
            [
              73.881688,
              18.55639
            ],
            [
              73.881832,
              18.559167
            ]
          ]
        ]
      }
    },
    {
      "type": "Feature",
      "properties": {
        "name": "VAD 218 Kathiawar",
        "type": "Danger",
        "upper_limit": "UNL",
        "lower_limit": "GND",
        "source": "ENR 5.1",
        "parse_method": "deterministic"
      },
      "geometry": {
        "type": "Polygon",
        "coordinates": [
          [
            [
              68.605556,
              22.2
            ],
            [
              69.066667,
              21.258333
            ],
            [
              69.666667,
              21.15
            ],
            [
              69.708333,
              21.258333
            ],
            [
              68.816667,
              22.095833
            ],
            [
              68.605556,
              22.2
            ]
          ]
        ]
      }
    },
    {
      "type": "Feature",
      "properties": {
        "name": "VAD 219 Hema",
        "type": "Danger",
        "upper_limit": "8000 FT",
        "lower_limit": "GND",
        "source": "ENR 5.1",
        "parse_method": "deterministic"
      },
      "geometry": {
        "type": "Polygon",
        "coordinates": [
          [
            [
              75.565556,
              22.533889
            ],
            [
              75.682222,
              22.550556
            ],
            [
              75.698889,
              22.567222
            ],
            [
              75.732222,
              22.583889
            ],
            [
              75.565556,
              22.533889
            ]
          ]
        ]
      }
    },
    {
      "type": "Feature",
      "properties": {
        "name": "VAD 22 Rushton",
        "type": "Danger",
        "upper_limit": "40000 FT",
        "lower_limit": "GND",
        "source": "ENR 5.1",
        "parse_method": "deterministic"
      },
      "geometry": {
        "type": "Polygon",
        "coordinates": [
          [
            [
              71.899444,
              17.667778
            ],
            [
              72.666111,
              17.667778
            ],
            [
              72.666111,
              17.967778
            ],
            [
              71.899444,
              17.967778
            ],
            [
              71.899444,
              17.667778
            ]
          ]
        ]
      }
    },
    {
      "type": "Feature",
      "properties": {
        "name": "VAD 221 Bamori",
        "type": "Danger",
        "upper_limit": "6000 FT",
        "lower_limit": "GND",
        "source": "ENR 5.1",
        "parse_method": "deterministic"
      },
      "geometry": {
        "type": "Polygon",
        "coordinates": [
          [
            [
              78.808488,
              23.758889
            ],
            [
              78.8084,
              23.760523
            ],
            [
              78.808138,
              23.76214
            ],
            [
              78.807704,
              23.763727
            ],
            [
              78.807102,
              23.765267
            ],
            [
              78.806338,
              23.766746
            ],
            [
              78.805419,
              23.768148
            ],
            [
              78.804354,
              23.769462
            ],
            [
              78.803154,
              23.770674
            ],
            [
              78.80183,
              23.771772
            ],
            [
              78.800395,
              23.772747
            ],
            [
              78.798862,
              23.773588
            ],
            [
              78.797246,
              23.774287
            ],
            [
              78.795564,
              23.774838
            ],
            [
              78.79383,
              23.775235
            ],
            [
              78.792063,
              23.775475
            ],
            [
              78.790278,
              23.775556
            ],
            [
              78.788493,
              23.775475
            ],
            [
              78.786725,
              23.775235
            ],
            [
              78.784992,
              23.774838
            ],
            [
              78.783309,
              23.774287
            ],
            [
              78.781694,
              23.773588
            ],
            [
              78.780161,
              23.772747
            ],
            [
              78.778725,
              23.771772
            ],
            [
              78.777401,
              23.770674
            ],
            [
              78.776201,
              23.769462
            ],
            [
              78.775137,
              23.768148
            ],
            [
              78.774218,
              23.766746
            ],
            [
              78.773454,
              23.765267
            ],
            [
              78.772852,
              23.763727
            ],
            [
              78.772418,
              23.76214
            ],
            [
              78.772155,
              23.760523
            ],
            [
              78.772068,
              23.758889
            ],
            [
              78.772155,
              23.757255
            ],
            [
              78.772418,
              23.755637
            ],
            [
              78.772852,
              23.754051
            ],
            [
              78.773454,
              23.752511
            ],
            [
              78.774218,
              23.751032
            ],
            [
              78.775137,
              23.749629
            ],
            [
              78.776201,
              23.748316
            ],
            [
              78.777401,
              23.747104
            ],
            [
              78.778725,
              23.746005
            ],
            [
              78.780161,
              23.745031
            ],
            [
              78.781694,
              23.74419
            ],
            [
              78.783309,
              23.743491
            ],
            [
              78.784992,
              23.74294
            ],
            [
              78.786725,
              23.742542
            ],
            [
              78.788493,
              23.742302
            ],
            [
              78.790278,
              23.742222
            ],
            [
              78.792063,
              23.742302
            ],
            [
              78.79383,
              23.742542
            ],
            [
              78.795564,
              23.74294
            ],
            [
              78.797246,
              23.743491
            ],
            [
              78.798862,
              23.74419
            ],
            [
              78.800395,
              23.745031
            ],
            [
              78.80183,
              23.746005
            ],
            [
              78.803154,
              23.747104
            ],
            [
              78.804354,
              23.748316
            ],
            [
              78.805419,
              23.749629
            ],
            [
              78.806338,
              23.751032
            ],
            [
              78.807102,
              23.752511
            ],
            [
              78.807704,
              23.754051
            ],
            [
              78.808138,
              23.755637
            ],
            [
              78.8084,
              23.757255
            ],
            [
              78.808488,
              23.758889
            ]
          ]
        ]
      }
    },
    {
      "type": "Feature",
      "properties": {
        "name": "VAD 222 Mothala",
        "type": "Danger",
        "upper_limit": "18000 FT",
        "lower_limit": "GND",
        "source": "ENR 5.1",
        "parse_method": "deterministic"
      },
      "geometry": {
        "type": "Polygon",
        "coordinates": [
          [
            [
              69.208784,
              23.183333
            ],
            [
              69.208261,
              23.193135
            ],
            [
              69.206694,
              23.202842
            ],
            [
              69.2041,
              23.212362
            ],
            [
              69.200504,
              23.221602
            ],
            [
              69.195939,
              23.230473
            ],
            [
              69.190451,
              23.23889
            ],
            [
              69.184091,
              23.246773
            ],
            [
              69.176922,
              23.254044
            ],
            [
              69.169012,
              23.260634
            ],
            [
              69.160437,
              23.26648
            ],
            [
              69.151281,
              23.271525
            ],
            [
              69.14163,
              23.275721
            ],
            [
              69.131578,
              23.279027
            ],
            [
              69.121223,
              23.281412
            ],
            [
              69.110663,
              23.282852
            ],
            [
              69.1,
              23.283333
            ],
            [
              69.089337,
              23.282852
            ],
            [
              69.078777,
              23.281412
            ],
            [
              69.068422,
              23.279027
            ],
            [
              69.05837,
              23.275721
            ],
            [
              69.048719,
              23.271525
            ],
            [
              69.039563,
              23.26648
            ],
            [
              69.030988,
              23.260634
            ],
            [
              69.023078,
              23.254044
            ],
            [
              69.015909,
              23.246773
            ],
            [
              69.009549,
              23.23889
            ],
            [
              69.004061,
              23.230473
            ],
            [
              68.999496,
              23.221602
            ],
            [
              68.9959,
              23.212362
            ],
            [
              68.993306,
              23.202842
            ],
            [
              68.991739,
              23.193135
            ],
            [
              68.991216,
              23.183333
            ],
            [
              68.991739,
              23.173532
            ],
            [
              68.993306,
              23.163824
            ],
            [
              68.9959,
              23.154305
            ],
            [
              68.999496,
              23.145065
            ],
            [
              69.004061,
              23.136194
            ],
            [
              69.009549,
              23.127776
            ],
            [
              69.015909,
              23.119894
            ],
            [
              69.023078,
              23.112623
            ],
            [
              69.030988,
              23.106032
            ],
            [
              69.039563,
              23.100186
            ],
            [
              69.048719,
              23.095141
            ],
            [
              69.05837,
              23.090945
            ],
            [
              69.068422,
              23.087639
            ],
            [
              69.078777,
              23.085255
            ],
            [
              69.089337,
              23.083815
            ],
            [
              69.1,
              23.083333
            ],
            [
              69.110663,
              23.083815
            ],
            [
              69.121223,
              23.085255
            ],
            [
              69.131578,
              23.087639
            ],
            [
              69.14163,
              23.090945
            ],
            [
              69.151281,
              23.095141
            ],
            [
              69.160437,
              23.100186
            ],
            [
              69.169012,
              23.106032
            ],
            [
              69.176922,
              23.112623
            ],
            [
              69.184091,
              23.119894
            ],
            [
              69.190451,
              23.127776
            ],
            [
              69.195939,
              23.136194
            ],
            [
              69.200504,
              23.145065
            ],
            [
              69.2041,
              23.154305
            ],
            [
              69.206694,
              23.163824
            ],
            [
              69.208261,
              23.173532
            ],
            [
              69.208784,
              23.183333
            ]
          ]
        ]
      }
    },
    {
      "type": "Feature",
      "properties": {
        "name": "VAD 23 [SARMAT]",
        "type": "Danger",
        "upper_limit": "32000 FT AMSL",
        "lower_limit": "GND",
        "source": "ENR 5.1",
        "parse_method": "deterministic"
      },
      "geometry": {
        "type": "Polygon",
        "coordinates": [
          [
            [
              69.883056,
              22.583889
            ],
            [
              70.05,
              22.583889
            ],
            [
              70.056667,
              22.525
            ],
            [
              69.983333,
              22.491667
            ],
            [
              69.986111,
              22.386111
            ],
            [
              69.883333,
              22.386111
            ],
            [
              69.883056,
              22.583889
            ]
          ]
        ]
      }
    },
    {
      "type": "Feature",
      "properties": {
        "name": "VAD 231 A [ITARSI]",
        "type": "Danger",
        "upper_limit": "FL 450",
        "lower_limit": "GND",
        "source": "ENR 5.1",
        "parse_method": "deterministic"
      },
      "geometry": {
        "type": "Polygon",
        "coordinates": [
          [
            [
              77.806389,
              22.488889
            ],
            [
              77.810278,
              22.4675
            ],
            [
              77.753333,
              22.475278
            ],
            [
              77.771944,
              22.4925
            ],
            [
              77.806389,
              22.488889
            ]
          ]
        ]
      }
    },
    {
      "type": "Feature",
      "properties": {
        "name": "VAD 231 B [ITARSI]",
        "type": "Danger",
        "upper_limit": "FL 450",
        "lower_limit": "GND",
        "source": "ENR 5.1",
        "parse_method": "deterministic"
      },
      "geometry": {
        "type": "Polygon",
        "coordinates": [
          [
            [
              77.810278,
              22.4675
            ],
            [
              77.802778,
              22.357778
            ],
            [
              77.791111,
              22.319444
            ],
            [
              77.746944,
              22.323611
            ],
            [
              77.746111,
              22.362222
            ],
            [
              77.753333,
              22.475278
            ],
            [
              77.810278,
              22.4675
            ]
          ]
        ]
      }
    },
    {
      "type": "Feature",
      "properties": {
        "name": "VAD 24A Naval Flying Area",
        "type": "Danger",
        "upper_limit": "25000 FT AMSL",
        "lower_limit": "GND",
        "source": "ENR 5.1",
        "parse_method": "deterministic"
      },
      "geometry": {
        "type": "Polygon",
        "coordinates": [
          [
            [
              71.433333,
              14.55
            ],
            [
              70.3,
              15.25
            ],
            [
              70.916667,
              16.066667
            ],
            [
              71.833333,
              15.6
            ],
            [
              71.433333,
              14.55
            ]
          ]
        ]
      }
    },
    {
      "type": "Feature",
      "properties": {
        "name": "VAD 24B Naval Flying Area",
        "type": "Danger",
        "upper_limit": "50000 FT AMSL",
        "lower_limit": "GND",
        "source": "ENR 5.1",
        "parse_method": "deterministic"
      },
      "geometry": {
        "type": "Polygon",
        "coordinates": [
          [
            [
              73.339722,
              14.819167
            ],
            [
              73.767778,
              13.915556
            ],
            [
              73.3,
              13.733333
            ],
            [
              72.433333,
              14.0
            ],
            [
              71.433333,
              14.55
            ],
            [
              71.833333,
              15.6
            ],
            [
              73.339722,
              14.819167
            ]
          ]
        ]
      }
    },
    {
      "type": "Feature",
      "properties": {
        "name": "VAD 24C Naval Flying Area",
        "type": "Danger",
        "upper_limit": "25000 FT AMSL",
        "lower_limit": "GND",
        "source": "ENR 5.1",
        "parse_method": "deterministic"
      },
      "geometry": {
        "type": "Polygon",
        "coordinates": [
          [
            [
              73.119722,
              14.933333
            ],
            [
              71.833333,
              15.6
            ],
            [
              72.15,
              16.4
            ],
            [
              72.803611,
              15.803056
            ],
            [
              73.119722,
              14.933333
            ]
          ]
        ]
      }
    },
    {
      "type": "Feature",
      "properties": {
        "name": "VAD 24D Naval Flying Area",
        "type": "Danger",
        "upper_limit": "25000 FT AMSL",
        "lower_limit": "GND",
        "source": "ENR 5.1",
        "parse_method": "deterministic"
      },
      "geometry": {
        "type": "Polygon",
        "coordinates": [
          [
            [
              71.55,
              16.866667
            ],
            [
              72.15,
              16.4
            ],
            [
              71.833333,
              15.6
            ],
            [
              70.916667,
              16.066667
            ],
            [
              71.55,
              16.866667
            ]
          ]
        ]
      }
    },
    {
      "type": "Feature",
      "properties": {
        "name": "VAD 24E Naval Flying Area",
        "type": "Danger",
        "upper_limit": "25000 FT AMSL",
        "lower_limit": "GND",
        "source": "ENR 5.1",
        "parse_method": "deterministic"
      },
      "geometry": {
        "type": "Polygon",
        "coordinates": [
          [
            [
              71.55,
              16.866667
            ],
            [
              70.916667,
              16.066667
            ],
            [
              69.55,
              16.8
            ],
            [
              70.583333,
              17.383333
            ],
            [
              71.55,
              16.866667
            ]
          ]
        ]
      }
    },
    {
      "type": "Feature",
      "properties": {
        "name": "VAD 24F Naval Flying Area",
        "type": "Danger",
        "upper_limit": "25000 FT AMSL",
        "lower_limit": "GND",
        "source": "ENR 5.1",
        "parse_method": "deterministic"
      },
      "geometry": {
        "type": "Polygon",
        "coordinates": [
          [
            [
              70.916667,
              16.066667
            ],
            [
              70.3,
              15.25
            ],
            [
              68.616667,
              16.25
            ],
            [
              69.55,
              16.8
            ],
            [
              70.916667,
              16.066667
            ]
          ]
        ]
      }
    },
    {
      "type": "Feature",
      "properties": {
        "name": "VAD 6 Ahmednagar",
        "type": "Danger",
        "upper_limit": "10000 FT AMSL",
        "lower_limit": "GND",
        "source": "ENR 5.1",
        "parse_method": "deterministic"
      },
      "geometry": {
        "type": "Polygon",
        "coordinates": [
          [
            [
              74.775669,
              19.2175
            ],
            [
              74.774819,
              19.233836
            ],
            [
              74.772277,
              19.250015
            ],
            [
              74.768069,
              19.265881
            ],
            [
              74.762233,
              19.281281
            ],
            [
              74.754828,
              19.296066
            ],
            [
              74.745923,
              19.310095
            ],
            [
              74.735605,
              19.323232
            ],
            [
              74.723972,
              19.335351
            ],
            [
              74.711138,
              19.346335
            ],
            [
              74.697226,
              19.356078
            ],
            [
              74.682369,
              19.364487
            ],
            [
              74.666711,
              19.37148
            ],
            [
              74.650403,
              19.37699
            ],
            [
              74.633601,
              19.380964
            ],
            [
              74.616467,
              19.383364
            ],
            [
              74.599167,
              19.384167
            ],
            [
              74.581866,
              19.383364
            ],
            [
              74.564733,
              19.380964
            ],
            [
              74.547931,
              19.37699
            ],
            [
              74.531622,
              19.37148
            ],
            [
              74.515964,
              19.364487
            ],
            [
              74.501107,
              19.356078
            ],
            [
              74.487195,
              19.346335
            ],
            [
              74.474361,
              19.335351
            ],
            [
              74.462729,
              19.323232
            ],
            [
              74.452411,
              19.310095
            ],
            [
              74.443506,
              19.296066
            ],
            [
              74.4361,
              19.281281
            ],
            [
              74.430265,
              19.265881
            ],
            [
              74.426056,
              19.250015
            ],
            [
              74.423514,
              19.233836
            ],
            [
              74.422665,
              19.2175
            ],
            [
              74.423514,
              19.201164
            ],
            [
              74.426056,
              19.184985
            ],
            [
              74.430265,
              19.169119
            ],
            [
              74.4361,
              19.153719
            ],
            [
              74.443506,
              19.138934
            ],
            [
              74.452411,
              19.124905
            ],
            [
              74.462729,
              19.111768
            ],
            [
              74.474361,
              19.099649
            ],
            [
              74.487195,
              19.088665
            ],
            [
              74.501107,
              19.078922
            ],
            [
              74.515964,
              19.070513
            ],
            [
              74.531622,
              19.06352
            ],
            [
              74.547931,
              19.05801
            ],
            [
              74.564733,
              19.054036
            ],
            [
              74.581866,
              19.051636
            ],
            [
              74.599167,
              19.050833
            ],
            [
              74.616467,
              19.051636
            ],
            [
              74.633601,
              19.054036
            ],
            [
              74.650403,
              19.05801
            ],
            [
              74.666711,
              19.06352
            ],
            [
              74.682369,
              19.070513
            ],
            [
              74.697226,
              19.078922
            ],
            [
              74.711138,
              19.088665
            ],
            [
              74.723972,
              19.099649
            ],
            [
              74.735605,
              19.111768
            ],
            [
              74.745923,
              19.124905
            ],
            [
              74.754828,
              19.138934
            ],
            [
              74.762233,
              19.153719
            ],
            [
              74.768069,
              19.169119
            ],
            [
              74.772277,
              19.184985
            ],
            [
              74.774819,
              19.201164
            ],
            [
              74.775669,
              19.2175
            ]
          ]
        ]
      }
    },
    {
      "type": "Feature",
      "properties": {
        "name": "Chennai Flight Information Region",
        "type": "FIR",
        "upper_limit": "UNL",
        "lower_limit": "GND",
        "source": "ENR 2.1",
        "parse_method": "deterministic"
      },
      "geometry": {
        "type": "Polygon",
        "coordinates": [
          [
            [
              76.0,
              18.0
            ],
            [
              76.0,
              19.316667
            ],
            [
              77.166667,
              19.716667
            ],
            [
              82.0,
              18.716667
            ],
            [
              82.816667,
              18.683333
            ],
            [
              85.9,
              15.7
            ],
            [
              92.0,
              14.0
            ],
            [
              94.416667,
              13.5
            ],
            [
              94.416667,
              6.0
            ],
            [
              92.0,
              6.0
            ],
            [
              82.0,
              10.0
            ],
            [
              80.0,
              10.0
            ],
            [
              78.0,
              6.0
            ],
            [
              74.0,
              6.0
            ],
            [
              74.0,
              7.5
            ],
            [
              72.0,
              7.5
            ],
            [
              72.0,
              15.0
            ],
            [
              73.583333,
              15.0
            ],
            [
              73.0,
              16.283333
            ],
            [
              73.566667,
              16.366667
            ],
            [
              74.183333,
              16.433333
            ],
            [
              75.466667,
              16.6
            ],
            [
              76.0,
              16.666667
            ],
            [
              76.0,
              18.0
            ]
          ]
        ]
      }
    },
    {
      "type": "Feature",
      "properties": {
        "name": "VOP 193 Kalpakkam",
        "type": "Prohibited",
        "upper_limit": "10000 FT",
        "lower_limit": "GND",
        "source": "ENR 5.1",
        "parse_method": "deterministic"
      },
      "geometry": {
        "type": "Polygon",
        "coordinates": [
          [
            [
              80.268034,
              12.565278
            ],
            [
              80.26759,
              12.574099
            ],
            [
              80.266263,
              12.582835
            ],
            [
              80.264064,
              12.591401
            ],
            [
              80.261016,
              12.599717
            ],
            [
              80.257147,
              12.6077
            ],
            [
              80.252496,
              12.615275
            ],
            [
              80.247106,
              12.622369
            ],
            [
              80.241029,
              12.628912
            ],
            [
              80.234325,
              12.634843
            ],
            [
              80.227058,
              12.640104
            ],
            [
              80.219297,
              12.644644
            ],
            [
              80.211117,
              12.64842
            ],
            [
              80.202598,
              12.651396
            ],
            [
              80.193821,
              12.653541
            ],
            [
              80.184871,
              12.654837
            ],
            [
              80.175833,
              12.655271
            ],
            [
              80.166796,
              12.654837
            ],
            [
              80.157846,
              12.653541
            ],
            [
              80.149069,
              12.651396
            ],
            [
              80.140549,
              12.64842
            ],
            [
              80.13237,
              12.644644
            ],
            [
              80.124609,
              12.640104
            ],
            [
              80.117342,
              12.634843
            ],
            [
              80.110637,
              12.628912
            ],
            [
              80.104561,
              12.622369
            ],
            [
              80.099171,
              12.615275
            ],
            [
              80.094519,
              12.6077
            ],
            [
              80.090651,
              12.599717
            ],
            [
              80.087602,
              12.591401
            ],
            [
              80.085404,
              12.582835
            ],
            [
              80.084076,
              12.574099
            ],
            [
              80.083632,
              12.565278
            ],
            [
              80.084076,
              12.556457
            ],
            [
              80.085404,
              12.547721
            ],
            [
              80.087602,
              12.539154
            ],
            [
              80.090651,
              12.530839
            ],
            [
              80.094519,
              12.522855
            ],
            [
              80.099171,
              12.51528
            ],
            [
              80.104561,
              12.508187
            ],
            [
              80.110637,
              12.501643
            ],
            [
              80.117342,
              12.495712
            ],
            [
              80.124609,
              12.490452
            ],
            [
              80.13237,
              12.485911
            ],
            [
              80.140549,
              12.482135
            ],
            [
              80.149069,
              12.47916
            ],
            [
              80.157846,
              12.477014
            ],
            [
              80.166796,
              12.475718
            ],
            [
              80.175833,
              12.475285
            ],
            [
              80.184871,
              12.475718
            ],
            [
              80.193821,
              12.477014
            ],
            [
              80.202598,
              12.47916
            ],
            [
              80.211117,
              12.482135
            ],
            [
              80.219297,
              12.485911
            ],
            [
              80.227058,
              12.490452
            ],
            [
              80.234325,
              12.495712
            ],
            [
              80.241029,
              12.501643
            ],
            [
              80.247106,
              12.508187
            ],
            [
              80.252496,
              12.51528
            ],
            [
              80.257147,
              12.522855
            ],
            [
              80.261016,
              12.530839
            ],
            [
              80.264064,
              12.539154
            ],
            [
              80.266263,
              12.547721
            ],
            [
              80.26759,
              12.556457
            ],
            [
              80.268034,
              12.565278
            ]
          ]
        ]
      }
    },
    {
      "type": "Feature",
      "properties": {
        "name": "VOP 197 Kudankulam",
        "type": "Prohibited",
        "upper_limit": "10000 FT AMSL",
        "lower_limit": "GND",
        "source": "ENR 5.1",
        "parse_method": "deterministic"
      },
      "geometry": {
        "type": "Polygon",
        "coordinates": [
          [
            [
              77.788633,
              8.173611
            ],
            [
              77.788228,
              8.181779
            ],
            [
              77.787015,
              8.189869
            ],
            [
              77.785008,
              8.197801
            ],
            [
              77.782225,
              8.205501
            ],
            [
              77.778692,
              8.212894
            ],
            [
              77.774445,
              8.219909
            ],
            [
              77.769523,
              8.226477
            ],
            [
              77.763975,
              8.232537
            ],
            [
              77.757853,
              8.238029
            ],
            [
              77.751217,
              8.2429
            ],
            [
              77.744131,
              8.247105
            ],
            [
              77.736662,
              8.250601
            ],
            [
              77.728883,
              8.253356
            ],
            [
              77.720869,
              8.255343
            ],
            [
              77.712696,
              8.256543
            ],
            [
              77.704444,
              8.256944
            ],
            [
              77.696193,
              8.256543
            ],
            [
              77.68802,
              8.255343
            ],
            [
              77.680006,
              8.253356
            ],
            [
              77.672227,
              8.250601
            ],
            [
              77.664758,
              8.247105
            ],
            [
              77.657672,
              8.2429
            ],
            [
              77.651036,
              8.238029
            ],
            [
              77.644914,
              8.232537
            ],
            [
              77.639366,
              8.226477
            ],
            [
              77.634444,
              8.219909
            ],
            [
              77.630197,
              8.212894
            ],
            [
              77.626664,
              8.205501
            ],
            [
              77.623881,
              8.197801
            ],
            [
              77.621874,
              8.189869
            ],
            [
              77.620661,
              8.181779
            ],
            [
              77.620256,
              8.173611
            ],
            [
              77.620661,
              8.165443
            ],
            [
              77.621874,
              8.157354
            ],
            [
              77.623881,
              8.149421
            ],
            [
              77.626664,
              8.141721
            ],
            [
              77.630197,
              8.134328
            ],
            [
              77.634444,
              8.127314
            ],
            [
              77.639366,
              8.120745
            ],
            [
              77.644914,
              8.114686
            ],
            [
              77.651036,
              8.109194
            ],
            [
              77.657672,
              8.104322
            ],
            [
              77.664758,
              8.100118
            ],
            [
              77.672227,
              8.096621
            ],
            [
              77.680006,
              8.093866
            ],
            [
              77.68802,
              8.091879
            ],
            [
              77.696193,
              8.090679
            ],
            [
              77.704444,
              8.090278
            ],
            [
              77.712696,
              8.090679
            ],
            [
              77.720869,
              8.091879
            ],
            [
              77.728883,
              8.093866
            ],
            [
              77.736662,
              8.096621
            ],
            [
              77.744131,
              8.100118
            ],
            [
              77.751217,
              8.104322
            ],
            [
              77.757853,
              8.109194
            ],
            [
              77.763975,
              8.114686
            ],
            [
              77.769523,
              8.120745
            ],
            [
              77.774445,
              8.127314
            ],
            [
              77.778692,
              8.134328
            ],
            [
              77.782225,
              8.141721
            ],
            [
              77.785008,
              8.149421
            ],
            [
              77.787015,
              8.157354
            ],
            [
              77.788228,
              8.165443
            ],
            [
              77.788633,
              8.173611
            ]
          ]
        ]
      }
    },
    {
      "type": "Feature",
      "properties": {
        "name": "VIP 90 Mathura Refinery",
        "type": "Prohibited",
        "upper_limit": "UNL",
        "lower_limit": "GND",
        "source": "ENR 5.1",
        "parse_method": "deterministic"
      },
      "geometry": {
        "type": "Polygon",
        "coordinates": [
          [
            [
              77.79996,
              27.383611
            ],
            [
              77.799472,
              27.392432
            ],
            [
              77.798013,
              27.401168
            ],
            [
              77.795596,
              27.409735
            ],
            [
              77.792246,
              27.41805
            ],
            [
              77.787993,
              27.426033
            ],
            [
              77.78288,
              27.433608
            ],
            [
              77.776955,
              27.440702
            ],
            [
              77.770276,
              27.447246
            ],
            [
              77.762906,
              27.453176
            ],
            [
              77.754918,
              27.458437
            ],
            [
              77.746387,
              27.462978
            ],
            [
              77.737396,
              27.466754
            ],
            [
              77.728031,
              27.469729
            ],
            [
              77.718383,
              27.471875
            ],
            [
              77.708545,
              27.473171
            ],
            [
              77.698611,
              27.473604
            ],
            [
              77.688677,
              27.473171
            ],
            [
              77.678839,
              27.471875
            ],
            [
              77.669191,
              27.469729
            ],
            [
              77.659826,
              27.466754
            ],
            [
              77.650835,
              27.462978
            ],
            [
              77.642304,
              27.458437
            ],
            [
              77.634316,
              27.453176
            ],
            [
              77.626946,
              27.447246
            ],
            [
              77.620267,
              27.440702
            ],
            [
              77.614342,
              27.433608
            ],
            [
              77.609229,
              27.426033
            ],
            [
              77.604977,
              27.41805
            ],
            [
              77.601626,
              27.409735
            ],
            [
              77.599209,
              27.401168
            ],
            [
              77.59775,
              27.392432
            ],
            [
              77.597262,
              27.383611
            ],
            [
              77.59775,
              27.37479
            ],
            [
              77.599209,
              27.366054
            ],
            [
              77.601626,
              27.357488
            ],
            [
              77.604977,
              27.349172
            ],
            [
              77.609229,
              27.341189
            ],
            [
              77.614342,
              27.333614
            ],
            [
              77.620267,
              27.32652
            ],
            [
              77.626946,
              27.319977
            ],
            [
              77.634316,
              27.314046
            ],
            [
              77.642304,
              27.308785
            ],
            [
              77.650835,
              27.304245
            ],
            [
              77.659826,
              27.300469
            ],
            [
              77.669191,
              27.297493
            ],
            [
              77.678839,
              27.295347
            ],
            [
              77.688677,
              27.294052
            ],
            [
              77.698611,
              27.293618
            ],
            [
              77.708545,
              27.294052
            ],
            [
              77.718383,
              27.295347
            ],
            [
              77.728031,
              27.297493
            ],
            [
              77.737396,
              27.300469
            ],
            [
              77.746387,
              27.304245
            ],
            [
              77.754918,
              27.308785
            ],
            [
              77.762906,
              27.314046
            ],
            [
              77.770276,
              27.319977
            ],
            [
              77.776955,
              27.32652
            ],
            [
              77.78288,
              27.333614
            ],
            [
              77.787993,
              27.341189
            ],
            [
              77.792246,
              27.349172
            ],
            [
              77.795596,
              27.357488
            ],
            [
              77.798013,
              27.366054
            ],
            [
              77.799472,
              27.37479
            ],
            [
              77.79996,
              27.383611
            ]
          ]
        ]
      }
    },
    {
      "type": "Feature",
      "properties": {
        "name": "VEP 51 Bhubaneswar",
        "type": "Prohibited",
        "upper_limit": "50000 FT",
        "lower_limit": "GND",
        "source": "ENR 5.1",
        "parse_method": "deterministic"
      },
      "geometry": {
        "type": "Polygon",
        "coordinates": [
          [
            [
              85.997778,
              20.500833
            ],
            [
              85.797778,
              20.500833
            ],
            [
              85.747778,
              20.5675
            ],
            [
              85.747778,
              20.734167
            ],
            [
              85.997778,
              20.734167
            ],
            [
              85.997778,
              20.500833
            ]
          ]
        ]
      }
    },
    {
      "type": "Feature",
      "properties": {
        "name": "VAP 2 Tower of\nSilence -\nMalabar Hills,\nMumbai",
        "type": "Prohibited",
        "upper_limit": "UNL",
        "lower_limit": "GND",
        "source": "ENR 5.1",
        "parse_method": "deterministic"
      },
      "geometry": {
        "type": "Polygon",
        "coordinates": [
          [
            [
              72.823734,
              18.960278
            ],
            [
              72.823649,
              18.961911
            ],
            [
              72.823395,
              18.963529
            ],
            [
              72.822975,
              18.965116
            ],
            [
              72.822392,
              18.966656
            ],
            [
              72.821653,
              18.968134
            ],
            [
              72.820764,
              18.969537
            ],
            [
              72.819734,
              18.970851
            ],
            [
              72.818572,
              18.972063
            ],
            [
              72.817291,
              18.973161
            ],
            [
              72.815902,
              18.974136
            ],
            [
              72.814418,
              18.974976
            ],
            [
              72.812855,
              18.975676
            ],
            [
              72.811227,
              18.976227
            ],
            [
              72.809549,
              18.976624
            ],
            [
              72.807838,
              18.976864
            ],
            [
              72.806111,
              18.976944
            ],
            [
              72.804384,
              18.976864
            ],
            [
              72.802673,
              18.976624
            ],
            [
              72.800995,
              18.976227
            ],
            [
              72.799367,
              18.975676
            ],
            [
              72.797804,
              18.974976
            ],
            [
              72.79632,
              18.974136
            ],
            [
              72.794931,
              18.973161
            ],
            [
              72.79365,
              18.972063
            ],
            [
              72.792488,
              18.970851
            ],
            [
              72.791458,
              18.969537
            ],
            [
              72.790569,
              18.968134
            ],
            [
              72.78983,
              18.966656
            ],
            [
              72.789247,
              18.965116
            ],
            [
              72.788827,
              18.963529
            ],
            [
              72.788573,
              18.961911
            ],
            [
              72.788488,
              18.960278
            ],
            [
              72.788573,
              18.958644
            ],
            [
              72.788827,
              18.957026
            ],
            [
              72.789247,
              18.95544
            ],
            [
              72.78983,
              18.9539
            ],
            [
              72.790569,
              18.952421
            ],
            [
              72.791458,
              18.951018
            ],
            [
              72.792488,
              18.949705
            ],
            [
              72.79365,
              18.948493
            ],
            [
              72.794931,
              18.947394
            ],
            [
              72.79632,
              18.94642
            ],
            [
              72.797804,
              18.945579
            ],
            [
              72.799367,
              18.94488
            ],
            [
              72.800995,
              18.944329
            ],
            [
              72.802673,
              18.943931
            ],
            [
              72.804384,
              18.943691
            ],
            [
              72.806111,
              18.943611
            ],
            [
              72.807838,
              18.943691
            ],
            [
              72.809549,
              18.943931
            ],
            [
              72.811227,
              18.944329
            ],
            [
              72.812855,
              18.94488
            ],
            [
              72.814418,
              18.945579
            ],
            [
              72.815902,
              18.94642
            ],
            [
              72.817291,
              18.947394
            ],
            [
              72.818572,
              18.948493
            ],
            [
              72.819734,
              18.949705
            ],
            [
              72.820764,
              18.951018
            ],
            [
              72.821653,
              18.952421
            ],
            [
              72.822392,
              18.9539
            ],
            [
              72.822975,
              18.95544
            ],
            [
              72.823395,
              18.957026
            ],
            [
              72.823649,
              18.958644
            ],
            [
              72.823734,
              18.960278
            ]
          ]
        ]
      }
    },
    {
      "type": "Feature",
      "properties": {
        "name": "VAP 224 Khambaliya",
        "type": "Prohibited",
        "upper_limit": "10000 FT",
        "lower_limit": "GND",
        "source": "ENR 5.1",
        "parse_method": "deterministic"
      },
      "geometry": {
        "type": "Polygon",
        "coordinates": [
          [
            [
              69.707782,
              22.246389
            ],
            [
              69.707548,
              22.250799
            ],
            [
              69.706848,
              22.255167
            ],
            [
              69.705688,
              22.259451
            ],
            [
              69.704081,
              22.263608
            ],
            [
              69.702041,
              22.2676
            ],
            [
              69.699589,
              22.271388
            ],
            [
              69.696747,
              22.274934
            ],
            [
              69.693543,
              22.278206
            ],
            [
              69.690008,
              22.281172
            ],
            [
              69.686176,
              22.283802
            ],
            [
              69.682084,
              22.286072
            ],
            [
              69.677771,
              22.28796
            ],
            [
              69.673279,
              22.289448
            ],
            [
              69.668651,
              22.290521
            ],
            [
              69.663932,
              22.291169
            ],
            [
              69.659167,
              22.291385
            ],
            [
              69.654402,
              22.291169
            ],
            [
              69.649682,
              22.290521
            ],
            [
              69.645054,
              22.289448
            ],
            [
              69.640562,
              22.28796
            ],
            [
              69.63625,
              22.286072
            ],
            [
              69.632158,
              22.283802
            ],
            [
              69.628326,
              22.281172
            ],
            [
              69.624791,
              22.278206
            ],
            [
              69.621587,
              22.274934
            ],
            [
              69.618745,
              22.271388
            ],
            [
              69.616292,
              22.2676
            ],
            [
              69.614252,
              22.263608
            ],
            [
              69.612645,
              22.259451
            ],
            [
              69.611486,
              22.255167
            ],
            [
              69.610786,
              22.250799
            ],
            [
              69.610552,
              22.246389
            ],
            [
              69.610786,
              22.241978
            ],
            [
              69.611486,
              22.237611
            ],
            [
              69.612645,
              22.233327
            ],
            [
              69.614252,
              22.22917
            ],
            [
              69.616292,
              22.225178
            ],
            [
              69.618745,
              22.22139
            ],
            [
              69.621587,
              22.217843
            ],
            [
              69.624791,
              22.214572
            ],
            [
              69.628326,
              22.211606
            ],
            [
              69.632158,
              22.208976
            ],
            [
              69.63625,
              22.206706
            ],
            [
              69.640562,
              22.204818
            ],
            [
              69.645054,
              22.20333
            ],
            [
              69.649682,
              22.202257
            ],
            [
              69.654402,
              22.201609
            ],
            [
              69.659167,
              22.201392
            ],
            [
              69.663932,
              22.201609
            ],
            [
              69.668651,
              22.202257
            ],
            [
              69.673279,
              22.20333
            ],
            [
              69.677771,
              22.204818
            ],
            [
              69.682084,
              22.206706
            ],
            [
              69.686176,
              22.208976
            ],
            [
              69.690008,
              22.211606
            ],
            [
              69.693543,
              22.214572
            ],
            [
              69.696747,
              22.217843
            ],
            [
              69.699589,
              22.22139
            ],
            [
              69.702041,
              22.225178
            ],
            [
              69.704081,
              22.22917
            ],
            [
              69.705688,
              22.233327
            ],
            [
              69.706848,
              22.237611
            ],
            [
              69.707548,
              22.241978
            ],
            [
              69.707782,
              22.246389
            ]
          ]
        ]
      }
    },
    {
      "type": "Feature",
      "properties": {
        "name": "VAP 3 Tarapur",
        "type": "Prohibited",
        "upper_limit": "5000 FT",
        "lower_limit": "GND",
        "source": "ENR 5.1",
        "parse_method": "deterministic"
      },
      "geometry": {
        "type": "Polygon",
        "coordinates": [
          [
            [
              72.672162,
              19.830278
            ],
            [
              72.672076,
              19.831911
            ],
            [
              72.671821,
              19.833529
            ],
            [
              72.671399,
              19.835116
            ],
            [
              72.670813,
              19.836656
            ],
            [
              72.67007,
              19.838134
            ],
            [
              72.669176,
              19.839537
            ],
            [
              72.66814,
              19.840851
            ],
            [
              72.666972,
              19.842063
            ],
            [
              72.665684,
              19.843161
            ],
            [
              72.664288,
              19.844136
            ],
            [
              72.662796,
              19.844976
            ],
            [
              72.661225,
              19.845676
            ],
            [
              72.659587,
              19.846227
            ],
            [
              72.657901,
              19.846624
            ],
            [
              72.656181,
              19.846864
            ],
            [
              72.654444,
              19.846944
            ],
            [
              72.652708,
              19.846864
            ],
            [
              72.650988,
              19.846624
            ],
            [
              72.649301,
              19.846227
            ],
            [
              72.647664,
              19.845676
            ],
            [
              72.646093,
              19.844976
            ],
            [
              72.644601,
              19.844136
            ],
            [
              72.643205,
              19.843161
            ],
            [
              72.641916,
              19.842063
            ],
            [
              72.640749,
              19.840851
            ],
            [
              72.639713,
              19.839537
            ],
            [
              72.638819,
              19.838134
            ],
            [
              72.638076,
              19.836656
            ],
            [
              72.63749,
              19.835116
            ],
            [
              72.637068,
              19.833529
            ],
            [
              72.636812,
              19.831911
            ],
            [
              72.636727,
              19.830278
            ],
            [
              72.636812,
              19.828644
            ],
            [
              72.637068,
              19.827026
            ],
            [
              72.63749,
              19.82544
            ],
            [
              72.638076,
              19.8239
            ],
            [
              72.638819,
              19.822421
            ],
            [
              72.639713,
              19.821018
            ],
            [
              72.640749,
              19.819705
            ],
            [
              72.641916,
              19.818493
            ],
            [
              72.643205,
              19.817394
            ],
            [
              72.644601,
              19.81642
            ],
            [
              72.646093,
              19.815579
            ],
            [
              72.647664,
              19.81488
            ],
            [
              72.649301,
              19.814329
            ],
            [
              72.650988,
              19.813931
            ],
            [
              72.652708,
              19.813691
            ],
            [
              72.654444,
              19.813611
            ],
            [
              72.656181,
              19.813691
            ],
            [
              72.657901,
              19.813931
            ],
            [
              72.659587,
              19.814329
            ],
            [
              72.661225,
              19.81488
            ],
            [
              72.662796,
              19.815579
            ],
            [
              72.664288,
              19.81642
            ],
            [
              72.665684,
              19.817394
            ],
            [
              72.666972,
              19.818493
            ],
            [
              72.66814,
              19.819705
            ],
            [
              72.669176,
              19.821018
            ],
            [
              72.67007,
              19.822421
            ],
            [
              72.670813,
              19.8239
            ],
            [
              72.671399,
              19.82544
            ],
            [
              72.671821,
              19.827026
            ],
            [
              72.672076,
              19.828644
            ],
            [
              72.672162,
              19.830278
            ]
          ]
        ]
      }
    },
    {
      "type": "Feature",
      "properties": {
        "name": "RAMSINGPURA",
        "type": "Regulated_Airspace",
        "upper_limit": "2500 FT AMSL",
        "lower_limit": "GND",
        "source": "ENR 2.2",
        "parse_method": "deterministic"
      },
      "geometry": {
        "type": "Polygon",
        "coordinates": [
          [
            [
              76.180474,
              27.334444
            ],
            [
              76.180023,
              27.342613
            ],
            [
              76.178672,
              27.350702
            ],
            [
              76.176435,
              27.358635
            ],
            [
              76.173334,
              27.366335
            ],
            [
              76.169398,
              27.373728
            ],
            [
              76.164665,
              27.380742
            ],
            [
              76.159181,
              27.387311
            ],
            [
              76.152999,
              27.39337
            ],
            [
              76.146178,
              27.398862
            ],
            [
              76.138783,
              27.403734
            ],
            [
              76.130887,
              27.407938
            ],
            [
              76.122565,
              27.411434
            ],
            [
              76.113898,
              27.414189
            ],
            [
              76.104968,
              27.416177
            ],
            [
              76.095861,
              27.417377
            ],
            [
              76.086667,
              27.417778
            ],
            [
              76.077472,
              27.417377
            ],
            [
              76.068366,
              27.416177
            ],
            [
              76.059436,
              27.414189
            ],
            [
              76.050768,
              27.411434
            ],
            [
              76.042446,
              27.407938
            ],
            [
              76.03455,
              27.403734
            ],
            [
              76.027156,
              27.398862
            ],
            [
              76.020335,
              27.39337
            ],
            [
              76.014152,
              27.387311
            ],
            [
              76.008668,
              27.380742
            ],
            [
              76.003936,
              27.373728
            ],
            [
              76.0,
              27.366335
            ],
            [
              75.996898,
              27.358635
            ],
            [
              75.994661,
              27.350702
            ],
            [
              75.993311,
              27.342613
            ],
            [
              75.992859,
              27.334444
            ],
            [
              75.993311,
              27.326276
            ],
            [
              75.994661,
              27.318187
            ],
            [
              75.996898,
              27.310254
            ],
            [
              76.0,
              27.302554
            ],
            [
              76.003936,
              27.295161
            ],
            [
              76.008668,
              27.288147
            ],
            [
              76.014152,
              27.281578
            ],
            [
              76.020335,
              27.275519
            ],
            [
              76.027156,
              27.270027
            ],
            [
              76.03455,
              27.265155
            ],
            [
              76.042446,
              27.260951
            ],
            [
              76.050768,
              27.257454
            ],
            [
              76.059436,
              27.254699
            ],
            [
              76.068366,
              27.252712
            ],
            [
              76.077472,
              27.251512
            ],
            [
              76.086667,
              27.251111
            ],
            [
              76.095861,
              27.251512
            ],
            [
              76.104968,
              27.252712
            ],
            [
              76.113898,
              27.254699
            ],
            [
              76.122565,
              27.257454
            ],
            [
              76.130887,
              27.260951
            ],
            [
              76.138783,
              27.265155
            ],
            [
              76.146178,
              27.270027
            ],
            [
              76.152999,
              27.275519
            ],
            [
              76.159181,
              27.281578
            ],
            [
              76.164665,
              27.288147
            ],
            [
              76.169398,
              27.295161
            ],
            [
              76.173334,
              27.302554
            ],
            [
              76.176435,
              27.310254
            ],
            [
              76.178672,
              27.318187
            ],
            [
              76.180023,
              27.326276
            ],
            [
              76.180474,
              27.334444
            ]
          ]
        ]
      }
    },
    {
      "type": "Feature",
      "properties": {
        "name": "AMRAVATI AIRPORT, AMRAVATI",
        "type": "Regulated_Airspace",
        "upper_limit": "FL 075",
        "lower_limit": "GND",
        "source": "ENR 2.2",
        "parse_method": "deterministic"
      },
      "geometry": {
        "type": "Polygon",
        "coordinates": [
          [
            [
              77.985233,
              20.814722
            ],
            [
              77.983946,
              20.839227
            ],
            [
              77.980094,
              20.863495
            ],
            [
              77.973717,
              20.887293
            ],
            [
              77.964875,
              20.910393
            ],
            [
              77.953653,
              20.932571
            ],
            [
              77.940159,
              20.953615
            ],
            [
              77.924524,
              20.973321
            ],
            [
              77.906897,
              20.991499
            ],
            [
              77.88745,
              21.007975
            ],
            [
              77.866368,
              21.02259
            ],
            [
              77.843856,
              21.035203
            ],
            [
              77.820129,
              21.045692
            ],
            [
              77.795416,
              21.053957
            ],
            [
              77.769956,
              21.059919
            ],
            [
              77.743993,
              21.063518
            ],
            [
              77.717778,
              21.064722
            ],
            [
              77.691563,
              21.063518
            ],
            [
              77.6656,
              21.059919
            ],
            [
              77.64014,
              21.053957
            ],
            [
              77.615427,
              21.045692
            ],
            [
              77.5917,
              21.035203
            ],
            [
              77.569187,
              21.02259
            ],
            [
              77.548106,
              21.007975
            ],
            [
              77.528658,
              20.991499
            ],
            [
              77.511032,
              20.973321
            ],
            [
              77.495397,
              20.953615
            ],
            [
              77.481903,
              20.932571
            ],
            [
              77.470681,
              20.910393
            ],
            [
              77.461839,
              20.887293
            ],
            [
              77.455461,
              20.863495
            ],
            [
              77.45161,
              20.839227
            ],
            [
              77.450322,
              20.814722
            ],
            [
              77.45161,
              20.790218
            ],
            [
              77.455461,
              20.76595
            ],
            [
              77.461839,
              20.742151
            ],
            [
              77.470681,
              20.719051
            ],
            [
              77.481903,
              20.696873
            ],
            [
              77.495397,
              20.67583
            ],
            [
              77.511032,
              20.656124
            ],
            [
              77.528658,
              20.637946
            ],
            [
              77.548106,
              20.62147
            ],
            [
              77.569187,
              20.606855
            ],
            [
              77.5917,
              20.594242
            ],
            [
              77.615427,
              20.583752
            ],
            [
              77.64014,
              20.575487
            ],
            [
              77.6656,
              20.569526
            ],
            [
              77.691563,
              20.565926
            ],
            [
              77.717778,
              20.564722
            ],
            [
              77.743993,
              20.565926
            ],
            [
              77.769956,
              20.569526
            ],
            [
              77.795416,
              20.575487
            ],
            [
              77.820129,
              20.583752
            ],
            [
              77.843856,
              20.594242
            ],
            [
              77.866368,
              20.606855
            ],
            [
              77.88745,
              20.62147
            ],
            [
              77.906897,
              20.637946
            ],
            [
              77.924524,
              20.656124
            ],
            [
              77.940159,
              20.67583
            ],
            [
              77.953653,
              20.696873
            ],
            [
              77.964875,
              20.719051
            ],
            [
              77.973717,
              20.742151
            ],
            [
              77.980094,
              20.76595
            ],
            [
              77.983946,
              20.790218
            ],
            [
              77.985233,
              20.814722
            ]
          ]
        ]
      }
    },
    {
      "type": "Feature",
      "properties": {
        "name": "CHITRAKOOT AIRPORT, CHITRAKOOT",
        "type": "Regulated_Airspace",
        "upper_limit": "FL 055",
        "lower_limit": "GND",
        "source": "ENR 2.2",
        "parse_method": "deterministic"
      },
      "geometry": {
        "type": "Polygon",
        "coordinates": [
          [
            [
              81.108301,
              25.158056
            ],
            [
              81.107414,
              25.174392
            ],
            [
              81.104762,
              25.190571
            ],
            [
              81.100372,
              25.206436
            ],
            [
              81.094284,
              25.221836
            ],
            [
              81.086558,
              25.236622
            ],
            [
              81.077268,
              25.250651
            ],
            [
              81.066504,
              25.263788
            ],
            [
              81.054369,
              25.275907
            ],
            [
              81.04098,
              25.286891
            ],
            [
              81.026466,
              25.296634
            ],
            [
              81.010967,
              25.305042
            ],
            [
              80.994632,
              25.312035
            ],
            [
              80.977618,
              25.317546
            ],
            [
              80.960089,
              25.32152
            ],
            [
              80.942215,
              25.32392
            ],
            [
              80.924167,
              25.324722
            ],
            [
              80.906118,
              25.32392
            ],
            [
              80.888244,
              25.32152
            ],
            [
              80.870715,
              25.317546
            ],
            [
              80.853702,
              25.312035
            ],
            [
              80.837367,
              25.305042
            ],
            [
              80.821867,
              25.296634
            ],
            [
              80.807353,
              25.286891
            ],
            [
              80.793964,
              25.275907
            ],
            [
              80.781829,
              25.263788
            ],
            [
              80.771065,
              25.250651
            ],
            [
              80.761775,
              25.236622
            ],
            [
              80.754049,
              25.221836
            ],
            [
              80.747962,
              25.206436
            ],
            [
              80.743571,
              25.190571
            ],
            [
              80.740919,
              25.174392
            ],
            [
              80.740033,
              25.158056
            ],
            [
              80.740919,
              25.141719
            ],
            [
              80.743571,
              25.125541
            ],
            [
              80.747962,
              25.109675
            ],
            [
              80.754049,
              25.094275
            ],
            [
              80.761775,
              25.079489
            ],
            [
              80.771065,
              25.065461
            ],
            [
              80.781829,
              25.052323
            ],
            [
              80.793964,
              25.040204
            ],
            [
              80.807353,
              25.02922
            ],
            [
              80.821867,
              25.019477
            ],
            [
              80.837367,
              25.011069
            ],
            [
              80.853702,
              25.004076
            ],
            [
              80.870715,
              24.998566
            ],
            [
              80.888244,
              24.994591
            ],
            [
              80.906118,
              24.992191
            ],
            [
              80.924167,
              24.991389
            ],
            [
              80.942215,
              24.992191
            ],
            [
              80.960089,
              24.994591
            ],
            [
              80.977618,
              24.998566
            ],
            [
              80.994632,
              25.004076
            ],
            [
              81.010967,
              25.011069
            ],
            [
              81.026466,
              25.019477
            ],
            [
              81.04098,
              25.02922
            ],
            [
              81.054369,
              25.040204
            ],
            [
              81.066504,
              25.052323
            ],
            [
              81.077268,
              25.065461
            ],
            [
              81.086558,
              25.079489
            ],
            [
              81.094284,
              25.094275
            ],
            [
              81.100372,
              25.109675
            ],
            [
              81.104762,
              25.125541
            ],
            [
              81.107414,
              25.141719
            ],
            [
              81.108301,
              25.158056
            ]
          ]
        ]
      }
    },
    {
      "type": "Feature",
      "properties": {
        "name": "DATIA AIRPORT, DATIA",
        "type": "Regulated_Airspace",
        "upper_limit": "3000 FT AMSL",
        "lower_limit": "GND",
        "source": "ENR 2.2",
        "parse_method": "deterministic"
      },
      "geometry": {
        "type": "Polygon",
        "coordinates": [
          [
            [
              78.601893,
              25.656944
            ],
            [
              78.601448,
              25.665113
            ],
            [
              78.600117,
              25.673202
            ],
            [
              78.597912,
              25.681135
            ],
            [
              78.594856,
              25.688835
            ],
            [
              78.590977,
              25.696228
            ],
            [
              78.586313,
              25.703242
            ],
            [
              78.580908,
              25.709811
            ],
            [
              78.574815,
              25.71587
            ],
            [
              78.568093,
              25.721362
            ],
            [
              78.560806,
              25.726234
            ],
            [
              78.553024,
              25.730438
            ],
            [
              78.544823,
              25.733934
            ],
            [
              78.536281,
              25.736689
            ],
            [
              78.52748,
              25.738677
            ],
            [
              78.518506,
              25.739877
            ],
            [
              78.509444,
              25.740278
            ],
            [
              78.500383,
              25.739877
            ],
            [
              78.491409,
              25.738677
            ],
            [
              78.482608,
              25.736689
            ],
            [
              78.474066,
              25.733934
            ],
            [
              78.465865,
              25.730438
            ],
            [
              78.458083,
              25.726234
            ],
            [
              78.450796,
              25.721362
            ],
            [
              78.444073,
              25.71587
            ],
            [
              78.437981,
              25.709811
            ],
            [
              78.432576,
              25.703242
            ],
            [
              78.427912,
              25.696228
            ],
            [
              78.424033,
              25.688835
            ],
            [
              78.420977,
              25.681135
            ],
            [
              78.418772,
              25.673202
            ],
            [
              78.417441,
              25.665113
            ],
            [
              78.416996,
              25.656944
            ],
            [
              78.417441,
              25.648776
            ],
            [
              78.418772,
              25.640687
            ],
            [
              78.420977,
              25.632754
            ],
            [
              78.424033,
              25.625054
            ],
            [
              78.427912,
              25.617661
            ],
            [
              78.432576,
              25.610647
            ],
            [
              78.437981,
              25.604078
            ],
            [
              78.444073,
              25.598019
            ],
            [
              78.450796,
              25.592527
            ],
            [
              78.458083,
              25.587655
            ],
            [
              78.465865,
              25.583451
            ],
            [
              78.474066,
              25.579954
            ],
            [
              78.482608,
              25.577199
            ],
            [
              78.491409,
              25.575212
            ],
            [
              78.500383,
              25.574012
            ],
            [
              78.509444,
              25.573611
            ],
            [
              78.518506,
              25.574012
            ],
            [
              78.52748,
              25.575212
            ],
            [
              78.536281,
              25.577199
            ],
            [
              78.544823,
              25.579954
            ],
            [
              78.553024,
              25.583451
            ],
            [
              78.560806,
              25.587655
            ],
            [
              78.568093,
              25.592527
            ],
            [
              78.574815,
              25.598019
            ],
            [
              78.580908,
              25.604078
            ],
            [
              78.586313,
              25.610647
            ],
            [
              78.590977,
              25.617661
            ],
            [
              78.594856,
              25.625054
            ],
            [
              78.597912,
              25.632754
            ],
            [
              78.600117,
              25.640687
            ],
            [
              78.601448,
              25.648776
            ],
            [
              78.601893,
              25.656944
            ]
          ]
        ]
      }
    },
    {
      "type": "Feature",
      "properties": {
        "name": "JEYPORE",
        "type": "Regulated_Airspace",
        "upper_limit": "FL 075",
        "lower_limit": "GND",
        "source": "ENR 2.2",
        "parse_method": "deterministic"
      },
      "geometry": {
        "type": "Polygon",
        "coordinates": [
          [
            [
              82.817827,
              18.880556
            ],
            [
              82.816555,
              18.90506
            ],
            [
              82.81275,
              18.929328
            ],
            [
              82.80645,
              18.953127
            ],
            [
              82.797715,
              18.976226
            ],
            [
              82.786629,
              18.998405
            ],
            [
              82.773299,
              19.019448
            ],
            [
              82.757853,
              19.039154
            ],
            [
              82.74044,
              19.057332
            ],
            [
              82.721228,
              19.073808
            ],
            [
              82.700402,
              19.088423
            ],
            [
              82.678162,
              19.101036
            ],
            [
              82.654722,
              19.111525
            ],
            [
              82.630309,
              19.119791
            ],
            [
              82.605157,
              19.125752
            ],
            [
              82.579509,
              19.129352
            ],
            [
              82.553611,
              19.130556
            ],
            [
              82.527713,
              19.129352
            ],
            [
              82.502065,
              19.125752
            ],
            [
              82.476913,
              19.119791
            ],
            [
              82.4525,
              19.111525
            ],
            [
              82.429061,
              19.101036
            ],
            [
              82.406821,
              19.088423
            ],
            [
              82.385994,
              19.073808
            ],
            [
              82.366782,
              19.057332
            ],
            [
              82.349369,
              19.039154
            ],
            [
              82.333923,
              19.019448
            ],
            [
              82.320593,
              18.998405
            ],
            [
              82.309507,
              18.976226
            ],
            [
              82.300772,
              18.953127
            ],
            [
              82.294472,
              18.929328
            ],
            [
              82.290667,
              18.90506
            ],
            [
              82.289395,
              18.880556
            ],
            [
              82.290667,
              18.856051
            ],
            [
              82.294472,
              18.831783
            ],
            [
              82.300772,
              18.807984
            ],
            [
              82.309507,
              18.784885
            ],
            [
              82.320593,
              18.762706
            ],
            [
              82.333923,
              18.741663
            ],
            [
              82.349369,
              18.721957
            ],
            [
              82.366782,
              18.703779
            ],
            [
              82.385994,
              18.687303
            ],
            [
              82.406821,
              18.672688
            ],
            [
              82.429061,
              18.660075
            ],
            [
              82.4525,
              18.649586
            ],
            [
              82.476913,
              18.64132
            ],
            [
              82.502065,
              18.635359
            ],
            [
              82.527713,
              18.631759
            ],
            [
              82.553611,
              18.630556
            ],
            [
              82.579509,
              18.631759
            ],
            [
              82.605157,
              18.635359
            ],
            [
              82.630309,
              18.64132
            ],
            [
              82.654722,
              18.649586
            ],
            [
              82.678162,
              18.660075
            ],
            [
              82.700402,
              18.672688
            ],
            [
              82.721228,
              18.687303
            ],
            [
              82.74044,
              18.703779
            ],
            [
              82.757853,
              18.721957
            ],
            [
              82.773299,
              18.741663
            ],
            [
              82.786629,
              18.762706
            ],
            [
              82.797715,
              18.784885
            ],
            [
              82.80645,
              18.807984
            ],
            [
              82.81275,
              18.831783
            ],
            [
              82.816555,
              18.856051
            ],
            [
              82.817827,
              18.880556
            ]
          ]
        ]
      }
    },
    {
      "type": "Feature",
      "properties": {
        "name": "KALYAN",
        "type": "Regulated_Airspace",
        "upper_limit": "1700 FT AMSL",
        "lower_limit": "GND",
        "source": "ENR 2.2",
        "parse_method": "deterministic"
      },
      "geometry": {
        "type": "Polygon",
        "coordinates": [
          [
            [
              73.168071,
              19.184167
            ],
            [
              73.167901,
              19.187434
            ],
            [
              73.167393,
              19.19067
            ],
            [
              73.166551,
              19.193843
            ],
            [
              73.165385,
              19.196923
            ],
            [
              73.163904,
              19.19988
            ],
            [
              73.162123,
              19.202686
            ],
            [
              73.16006,
              19.205313
            ],
            [
              73.157734,
              19.207737
            ],
            [
              73.155168,
              19.209934
            ],
            [
              73.152386,
              19.211882
            ],
            [
              73.149415,
              19.213564
            ],
            [
              73.146284,
              19.214963
            ],
            [
              73.143023,
              19.216065
            ],
            [
              73.139663,
              19.21686
            ],
            [
              73.136237,
              19.217339
            ],
            [
              73.132778,
              19.2175
            ],
            [
              73.129318,
              19.217339
            ],
            [
              73.125892,
              19.21686
            ],
            [
              73.122533,
              19.216065
            ],
            [
              73.119272,
              19.214963
            ],
            [
              73.116141,
              19.213564
            ],
            [
              73.11317,
              19.211882
            ],
            [
              73.110388,
              19.209934
            ],
            [
              73.107822,
              19.207737
            ],
            [
              73.105496,
              19.205313
            ],
            [
              73.103433,
              19.202686
            ],
            [
              73.101652,
              19.19988
            ],
            [
              73.100171,
              19.196923
            ],
            [
              73.099004,
              19.193843
            ],
            [
              73.098163,
              19.19067
            ],
            [
              73.097654,
              19.187434
            ],
            [
              73.097485,
              19.184167
            ],
            [
              73.097654,
              19.180899
            ],
            [
              73.098163,
              19.177664
            ],
            [
              73.099004,
              19.174491
            ],
            [
              73.100171,
              19.171411
            ],
            [
              73.101652,
              19.168453
            ],
            [
              73.103433,
              19.165648
            ],
            [
              73.105496,
              19.16302
            ],
            [
              73.107822,
              19.160596
            ],
            [
              73.110388,
              19.1584
            ],
            [
              73.11317,
              19.156451
            ],
            [
              73.116141,
              19.154769
            ],
            [
              73.119272,
              19.153371
            ],
            [
              73.122533,
              19.152269
            ],
            [
              73.125892,
              19.151474
            ],
            [
              73.129318,
              19.150994
            ],
            [
              73.132778,
              19.150833
            ],
            [
              73.136237,
              19.150994
            ],
            [
              73.139663,
              19.151474
            ],
            [
              73.143023,
              19.152269
            ],
            [
              73.146284,
              19.153371
            ],
            [
              73.149415,
              19.154769
            ],
            [
              73.152386,
              19.156451
            ],
            [
              73.155168,
              19.1584
            ],
            [
              73.157734,
              19.160596
            ],
            [
              73.16006,
              19.16302
            ],
            [
              73.162123,
              19.165648
            ],
            [
              73.163904,
              19.168453
            ],
            [
              73.165385,
              19.171411
            ],
            [
              73.166551,
              19.174491
            ],
            [
              73.167393,
              19.177664
            ],
            [
              73.167901,
              19.180899
            ],
            [
              73.168071,
              19.184167
            ]
          ]
        ]
      }
    },
    {
      "type": "Feature",
      "properties": {
        "name": "KOLKATA [BEHALA]",
        "type": "Regulated_Airspace",
        "upper_limit": "1000 FT AMSL",
        "lower_limit": "GND",
        "source": "ENR 2.2",
        "parse_method": "deterministic"
      },
      "geometry": {
        "type": "Polygon",
        "coordinates": [
          [
            [
              88.315262,
              22.500833
            ],
            [
              88.315175,
              22.502467
            ],
            [
              88.314916,
              22.504085
            ],
            [
              88.314485,
              22.505671
            ],
            [
              88.313889,
              22.507211
            ],
            [
              88.313132,
              22.50869
            ],
            [
              88.312222,
              22.510093
            ],
            [
              88.311167,
              22.511407
            ],
            [
              88.309978,
              22.512618
            ],
            [
              88.308667,
              22.513717
            ],
            [
              88.307245,
              22.514691
            ],
            [
              88.305726,
              22.515532
            ],
            [
              88.304126,
              22.516231
            ],
            [
              88.302459,
              22.516782
            ],
            [
              88.300742,
              22.51718
            ],
            [
              88.29899,
              22.51742
            ],
            [
              88.297222,
              22.5175
            ],
            [
              88.295454,
              22.51742
            ],
            [
              88.293703,
              22.51718
            ],
            [
              88.291985,
              22.516782
            ],
            [
              88.290319,
              22.516231
            ],
            [
              88.288718,
              22.515532
            ],
            [
              88.2872,
              22.514691
            ],
            [
              88.285778,
              22.513717
            ],
            [
              88.284466,
              22.512618
            ],
            [
              88.283277,
              22.511407
            ],
            [
              88.282223,
              22.510093
            ],
            [
              88.281312,
              22.50869
            ],
            [
              88.280555,
              22.507211
            ],
            [
              88.279959,
              22.505671
            ],
            [
              88.279529,
              22.504085
            ],
            [
              88.279269,
              22.502467
            ],
            [
              88.279182,
              22.500833
            ],
            [
              88.279269,
              22.4992
            ],
            [
              88.279529,
              22.497582
            ],
            [
              88.279959,
              22.495995
            ],
            [
              88.280555,
              22.494455
            ],
            [
              88.281312,
              22.492977
            ],
            [
              88.282223,
              22.491574
            ],
            [
              88.283277,
              22.49026
            ],
            [
              88.284466,
              22.489048
            ],
            [
              88.285778,
              22.48795
            ],
            [
              88.2872,
              22.486976
            ],
            [
              88.288718,
              22.486135
            ],
            [
              88.290319,
              22.485435
            ],
            [
              88.291985,
              22.484884
            ],
            [
              88.293703,
              22.484487
            ],
            [
              88.295454,
              22.484247
            ],
            [
              88.297222,
              22.484167
            ],
            [
              88.29899,
              22.484247
            ],
            [
              88.300742,
              22.484487
            ],
            [
              88.302459,
              22.484884
            ],
            [
              88.304126,
              22.485435
            ],
            [
              88.305726,
              22.486135
            ],
            [
              88.307245,
              22.486976
            ],
            [
              88.308667,
              22.48795
            ],
            [
              88.309978,
              22.489048
            ],
            [
              88.311167,
              22.49026
            ],
            [
              88.312222,
              22.491574
            ],
            [
              88.313132,
              22.492977
            ],
            [
              88.313889,
              22.494455
            ],
            [
              88.314485,
              22.495995
            ],
            [
              88.314916,
              22.497582
            ],
            [
              88.315175,
              22.4992
            ],
            [
              88.315262,
              22.500833
            ]
          ]
        ]
      }
    },
    {
      "type": "Feature",
      "properties": {
        "name": "KOTA",
        "type": "Regulated_Airspace",
        "upper_limit": "FL 065",
        "lower_limit": "GND",
        "source": "ENR 2.2",
        "parse_method": "deterministic"
      },
      "geometry": {
        "type": "Polygon",
        "coordinates": [
          [
            [
              76.123983,
              25.16
            ],
            [
              76.122653,
              25.184504
            ],
            [
              76.118676,
              25.208773
            ],
            [
              76.11209,
              25.232571
            ],
            [
              76.102958,
              25.255671
            ],
            [
              76.091369,
              25.277849
            ],
            [
              76.077434,
              25.298893
            ],
            [
              76.061287,
              25.318598
            ],
            [
              76.043084,
              25.336777
            ],
            [
              76.023001,
              25.353253
            ],
            [
              76.001229,
              25.367867
            ],
            [
              75.97798,
              25.38048
            ],
            [
              75.953477,
              25.39097
            ],
            [
              75.927956,
              25.399235
            ],
            [
              75.901663,
              25.405196
            ],
            [
              75.874851,
              25.408796
            ],
            [
              75.847778,
              25.41
            ],
            [
              75.820705,
              25.408796
            ],
            [
              75.793893,
              25.405196
            ],
            [
              75.7676,
              25.399235
            ],
            [
              75.742079,
              25.39097
            ],
            [
              75.717576,
              25.38048
            ],
            [
              75.694326,
              25.367867
            ],
            [
              75.672555,
              25.353253
            ],
            [
              75.652471,
              25.336777
            ],
            [
              75.634268,
              25.318598
            ],
            [
              75.618122,
              25.298893
            ],
            [
              75.604187,
              25.277849
            ],
            [
              75.592597,
              25.255671
            ],
            [
              75.583466,
              25.232571
            ],
            [
              75.57688,
              25.208773
            ],
            [
              75.572903,
              25.184504
            ],
            [
              75.571573,
              25.16
            ],
            [
              75.572903,
              25.135496
            ],
            [
              75.57688,
              25.111227
            ],
            [
              75.583466,
              25.087429
            ],
            [
              75.592597,
              25.064329
            ],
            [
              75.604187,
              25.042151
            ],
            [
              75.618122,
              25.021107
            ],
            [
              75.634268,
              25.001402
            ],
            [
              75.652471,
              24.983223
            ],
            [
              75.672555,
              24.966747
            ],
            [
              75.694326,
              24.952133
            ],
            [
              75.717576,
              24.93952
            ],
            [
              75.742079,
              24.92903
            ],
            [
              75.7676,
              24.920765
            ],
            [
              75.793893,
              24.914804
            ],
            [
              75.820705,
              24.911204
            ],
            [
              75.847778,
              24.91
            ],
            [
              75.874851,
              24.911204
            ],
            [
              75.901663,
              24.914804
            ],
            [
              75.927956,
              24.920765
            ],
            [
              75.953477,
              24.92903
            ],
            [
              75.97798,
              24.93952
            ],
            [
              76.001229,
              24.952133
            ],
            [
              76.023001,
              24.966747
            ],
            [
              76.043084,
              24.983223
            ],
            [
              76.061287,
              25.001402
            ],
            [
              76.077434,
              25.021107
            ],
            [
              76.091369,
              25.042151
            ],
            [
              76.102958,
              25.064329
            ],
            [
              76.11209,
              25.087429
            ],
            [
              76.118676,
              25.111227
            ],
            [
              76.122653,
              25.135496
            ],
            [
              76.123983,
              25.16
            ]
          ]
        ]
      }
    },
    {
      "type": "Feature",
      "properties": {
        "name": "MAA MAHAMAYA AIRPORT, AMBIKAPUR",
        "type": "Regulated_Airspace",
        "upper_limit": "FL 075",
        "lower_limit": "GND",
        "source": "ENR 2.2",
        "parse_method": "deterministic"
      },
      "geometry": {
        "type": "Polygon",
        "coordinates": [
          [
            [
              83.645406,
              22.993333
            ],
            [
              83.643226,
              23.034174
            ],
            [
              83.636708,
              23.074621
            ],
            [
              83.625916,
              23.114285
            ],
            [
              83.610951,
              23.152785
            ],
            [
              83.59196,
              23.189749
            ],
            [
              83.569124,
              23.224821
            ],
            [
              83.542664,
              23.257664
            ],
            [
              83.512834,
              23.287961
            ],
            [
              83.479922,
              23.315421
            ],
            [
              83.444244,
              23.339779
            ],
            [
              83.406145,
              23.360801
            ],
            [
              83.365991,
              23.378283
            ],
            [
              83.324169,
              23.392058
            ],
            [
              83.281081,
              23.401994
            ],
            [
              83.237143,
              23.407994
            ],
            [
              83.192778,
              23.41
            ],
            [
              83.148412,
              23.407994
            ],
            [
              83.104474,
              23.401994
            ],
            [
              83.061387,
              23.392058
            ],
            [
              83.019565,
              23.378283
            ],
            [
              82.979411,
              23.360801
            ],
            [
              82.941311,
              23.339779
            ],
            [
              82.905634,
              23.315421
            ],
            [
              82.872722,
              23.287961
            ],
            [
              82.842892,
              23.257664
            ],
            [
              82.816432,
              23.224821
            ],
            [
              82.793596,
              23.189749
            ],
            [
              82.774604,
              23.152785
            ],
            [
              82.75964,
              23.114285
            ],
            [
              82.748847,
              23.074621
            ],
            [
              82.74233,
              23.034174
            ],
            [
              82.74015,
              22.993333
            ],
            [
              82.74233,
              22.952493
            ],
            [
              82.748847,
              22.912046
            ],
            [
              82.75964,
              22.872381
            ],
            [
              82.774604,
              22.833882
            ],
            [
              82.793596,
              22.796918
            ],
            [
              82.816432,
              22.761846
            ],
            [
              82.842892,
              22.729003
            ],
            [
              82.872722,
              22.698706
            ],
            [
              82.905634,
              22.671246
            ],
            [
              82.941311,
              22.646888
            ],
            [
              82.979411,
              22.625866
            ],
            [
              83.019565,
              22.608384
            ],
            [
              83.061387,
              22.594608
            ],
            [
              83.104474,
              22.584673
            ],
            [
              83.148412,
              22.578673
            ],
            [
              83.192778,
              22.576667
            ],
            [
              83.237143,
              22.578673
            ],
            [
              83.281081,
              22.584673
            ],
            [
              83.324169,
              22.594608
            ],
            [
              83.365991,
              22.608384
            ],
            [
              83.406145,
              22.625866
            ],
            [
              83.444244,
              22.646888
            ],
            [
              83.479922,
              22.671246
            ],
            [
              83.512834,
              22.698706
            ],
            [
              83.542664,
              22.729003
            ],
            [
              83.569124,
              22.761846
            ],
            [
              83.59196,
              22.796918
            ],
            [
              83.610951,
              22.833882
            ],
            [
              83.625916,
              22.872381
            ],
            [
              83.636708,
              22.912046
            ],
            [
              83.643226,
              22.952493
            ],
            [
              83.645406,
              22.993333
            ]
          ]
        ]
      }
    },
    {
      "type": "Feature",
      "properties": {
        "name": "MUIRPUR (KORBA)",
        "type": "Regulated_Airspace",
        "upper_limit": "FL 065",
        "lower_limit": "GND",
        "source": "ENR 2.2",
        "parse_method": "deterministic"
      },
      "geometry": {
        "type": "Polygon",
        "coordinates": [
          [
            [
              83.408571,
              24.126111
            ],
            [
              83.406812,
              24.158783
            ],
            [
              83.401553,
              24.191141
            ],
            [
              83.392844,
              24.222873
            ],
            [
              83.380769,
              24.253672
            ],
            [
              83.365444,
              24.283243
            ],
            [
              83.347017,
              24.311301
            ],
            [
              83.325666,
              24.337576
            ],
            [
              83.301595,
              24.361813
            ],
            [
              83.275038,
              24.383781
            ],
            [
              83.246248,
              24.403268
            ],
            [
              83.215505,
              24.420085
            ],
            [
              83.183104,
              24.434071
            ],
            [
              83.149356,
              24.445091
            ],
            [
              83.114588,
              24.45304
            ],
            [
              83.079133,
              24.457839
            ],
            [
              83.043333,
              24.459444
            ],
            [
              83.007534,
              24.457839
            ],
            [
              82.972079,
              24.45304
            ],
            [
              82.93731,
              24.445091
            ],
            [
              82.903563,
              24.434071
            ],
            [
              82.871162,
              24.420085
            ],
            [
              82.840418,
              24.403268
            ],
            [
              82.811629,
              24.383781
            ],
            [
              82.785071,
              24.361813
            ],
            [
              82.761001,
              24.337576
            ],
            [
              82.739649,
              24.311301
            ],
            [
              82.721223,
              24.283243
            ],
            [
              82.705898,
              24.253672
            ],
            [
              82.693823,
              24.222873
            ],
            [
              82.685114,
              24.191141
            ],
            [
              82.679854,
              24.158783
            ],
            [
              82.678096,
              24.126111
            ],
            [
              82.679854,
              24.093439
            ],
            [
              82.685114,
              24.061081
            ],
            [
              82.693823,
              24.02935
            ],
            [
              82.705898,
              23.99855
            ],
            [
              82.721223,
              23.968979
            ],
            [
              82.739649,
              23.940921
            ],
            [
              82.761001,
              23.914647
            ],
            [
              82.785071,
              23.890409
            ],
            [
              82.811629,
              23.868441
            ],
            [
              82.840418,
              23.848955
            ],
            [
              82.871162,
              23.832137
            ],
            [
              82.903563,
              23.818151
            ],
            [
              82.93731,
              23.807131
            ],
            [
              82.972079,
              23.799183
            ],
            [
              83.007534,
              23.794383
            ],
            [
              83.043333,
              23.792778
            ],
            [
              83.079133,
              23.794383
            ],
            [
              83.114588,
              23.799183
            ],
            [
              83.149356,
              23.807131
            ],
            [
              83.183104,
              23.818151
            ],
            [
              83.215505,
              23.832137
            ],
            [
              83.246248,
              23.848955
            ],
            [
              83.275038,
              23.868441
            ],
            [
              83.301595,
              23.890409
            ],
            [
              83.325666,
              23.914647
            ],
            [
              83.347017,
              23.940921
            ],
            [
              83.365444,
              23.968979
            ],
            [
              83.380769,
              23.99855
            ],
            [
              83.392844,
              24.02935
            ],
            [
              83.401553,
              24.061081
            ],
            [
              83.406812,
              24.093439
            ],
            [
              83.408571,
              24.126111
            ]
          ]
        ]
      }
    },
    {
      "type": "Feature",
      "properties": {
        "name": "RATNAGIRI",
        "type": "Regulated_Airspace",
        "upper_limit": "6500 FT AMSL",
        "lower_limit": "GND",
        "source": "ENR 2.2",
        "parse_method": "deterministic"
      },
      "geometry": {
        "type": "Polygon",
        "coordinates": [
          [
            [
              73.677478,
              17.013333
            ],
            [
              73.675799,
              17.046006
            ],
            [
              73.67078,
              17.078363
            ],
            [
              73.662468,
              17.110095
            ],
            [
              73.650943,
              17.140894
            ],
            [
              73.636317,
              17.170466
            ],
            [
              73.61873,
              17.198523
            ],
            [
              73.598352,
              17.224798
            ],
            [
              73.575378,
              17.249036
            ],
            [
              73.550031,
              17.271003
            ],
            [
              73.522554,
              17.29049
            ],
            [
              73.493212,
              17.307307
            ],
            [
              73.462288,
              17.321293
            ],
            [
              73.430079,
              17.332313
            ],
            [
              73.396895,
              17.340262
            ],
            [
              73.363057,
              17.345062
            ],
            [
              73.328889,
              17.346667
            ],
            [
              73.294721,
              17.345062
            ],
            [
              73.260883,
              17.340262
            ],
            [
              73.227699,
              17.332313
            ],
            [
              73.19549,
              17.321293
            ],
            [
              73.164565,
              17.307307
            ],
            [
              73.135223,
              17.29049
            ],
            [
              73.107747,
              17.271003
            ],
            [
              73.082399,
              17.249036
            ],
            [
              73.059426,
              17.224798
            ],
            [
              73.039048,
              17.198523
            ],
            [
              73.021461,
              17.170466
            ],
            [
              73.006835,
              17.140894
            ],
            [
              72.99531,
              17.110095
            ],
            [
              72.986998,
              17.078363
            ],
            [
              72.981979,
              17.046006
            ],
            [
              72.9803,
              17.013333
            ],
            [
              72.981979,
              16.980661
            ],
            [
              72.986998,
              16.948303
            ],
            [
              72.99531,
              16.916572
            ],
            [
              73.006835,
              16.885772
            ],
            [
              73.021461,
              16.856201
            ],
            [
              73.039048,
              16.828143
            ],
            [
              73.059426,
              16.801869
            ],
            [
              73.082399,
              16.777631
            ],
            [
              73.107747,
              16.755663
            ],
            [
              73.135223,
              16.736177
            ],
            [
              73.164565,
              16.71936
            ],
            [
              73.19549,
              16.705373
            ],
            [
              73.227699,
              16.694353
            ],
            [
              73.260883,
              16.686405
            ],
            [
              73.294721,
              16.681605
            ],
            [
              73.328889,
              16.68
            ],
            [
              73.363057,
              16.681605
            ],
            [
              73.396895,
              16.686405
            ],
            [
              73.430079,
              16.694353
            ],
            [
              73.462288,
              16.705373
            ],
            [
              73.493212,
              16.71936
            ],
            [
              73.522554,
              16.736177
            ],
            [
              73.550031,
              16.755663
            ],
            [
              73.575378,
              16.777631
            ],
            [
              73.598352,
              16.801869
            ],
            [
              73.61873,
              16.828143
            ],
            [
              73.636317,
              16.856201
            ],
            [
              73.650943,
              16.885772
            ],
            [
              73.662468,
              16.916572
            ],
            [
              73.67078,
              16.948303
            ],
            [
              73.675799,
              16.980661
            ],
            [
              73.677478,
              17.013333
            ]
          ]
        ]
      }
    },
    {
      "type": "Feature",
      "properties": {
        "name": "REWA AIRPORT, REWA",
        "type": "Regulated_Airspace",
        "upper_limit": "FL 065",
        "lower_limit": "GND",
        "source": "ENR 2.2",
        "parse_method": "deterministic"
      },
      "geometry": {
        "type": "Polygon",
        "coordinates": [
          [
            [
              81.406219,
              24.503611
            ],
            [
              81.405337,
              24.519947
            ],
            [
              81.402699,
              24.536126
            ],
            [
              81.398332,
              24.551992
            ],
            [
              81.392276,
              24.567392
            ],
            [
              81.384591,
              24.582177
            ],
            [
              81.37535,
              24.596206
            ],
            [
              81.364643,
              24.609343
            ],
            [
              81.352572,
              24.621462
            ],
            [
              81.339253,
              24.632446
            ],
            [
              81.324816,
              24.642189
            ],
            [
              81.309398,
              24.650598
            ],
            [
              81.293149,
              24.657591
            ],
            [
              81.276225,
              24.663101
            ],
            [
              81.258789,
              24.667075
            ],
            [
              81.241009,
              24.669475
            ],
            [
              81.223056,
              24.670278
            ],
            [
              81.205102,
              24.669475
            ],
            [
              81.187322,
              24.667075
            ],
            [
              81.169886,
              24.663101
            ],
            [
              81.152962,
              24.657591
            ],
            [
              81.136713,
              24.650598
            ],
            [
              81.121296,
              24.642189
            ],
            [
              81.106858,
              24.632446
            ],
            [
              81.09354,
              24.621462
            ],
            [
              81.081468,
              24.609343
            ],
            [
              81.070761,
              24.596206
            ],
            [
              81.06152,
              24.582177
            ],
            [
              81.053835,
              24.567392
            ],
            [
              81.047779,
              24.551992
            ],
            [
              81.043412,
              24.536126
            ],
            [
              81.040774,
              24.519947
            ],
            [
              81.039892,
              24.503611
            ],
            [
              81.040774,
              24.487275
            ],
            [
              81.043412,
              24.471096
            ],
            [
              81.047779,
              24.45523
            ],
            [
              81.053835,
              24.439831
            ],
            [
              81.06152,
              24.425045
            ],
            [
              81.070761,
              24.411016
            ],
            [
              81.081468,
              24.397879
            ],
            [
              81.09354,
              24.38576
            ],
            [
              81.106858,
              24.374776
            ],
            [
              81.121296,
              24.365033
            ],
            [
              81.136713,
              24.356624
            ],
            [
              81.152962,
              24.349631
            ],
            [
              81.169886,
              24.344121
            ],
            [
              81.187322,
              24.340147
            ],
            [
              81.205102,
              24.337747
            ],
            [
              81.223056,
              24.336944
            ],
            [
              81.241009,
              24.337747
            ],
            [
              81.258789,
              24.340147
            ],
            [
              81.276225,
              24.344121
            ],
            [
              81.293149,
              24.349631
            ],
            [
              81.309398,
              24.356624
            ],
            [
              81.324816,
              24.365033
            ],
            [
              81.339253,
              24.374776
            ],
            [
              81.352572,
              24.38576
            ],
            [
              81.364643,
              24.397879
            ],
            [
              81.37535,
              24.411016
            ],
            [
              81.384591,
              24.425045
            ],
            [
              81.392276,
              24.439831
            ],
            [
              81.398332,
              24.45523
            ],
            [
              81.402699,
              24.471096
            ],
            [
              81.405337,
              24.487275
            ],
            [
              81.406219,
              24.503611
            ]
          ]
        ]
      }
    },
    {
      "type": "Feature",
      "properties": {
        "name": "SHRAVASTI",
        "type": "Regulated_Airspace",
        "upper_limit": "2000 FT AMSL",
        "lower_limit": "GND",
        "source": "ENR 2.2",
        "parse_method": "deterministic"
      },
      "geometry": {
        "type": "Polygon",
        "coordinates": [
          [
            [
              82.124228,
              27.501667
            ],
            [
              82.123775,
              27.509835
            ],
            [
              82.122422,
              27.517924
            ],
            [
              82.120182,
              27.525857
            ],
            [
              82.117076,
              27.533557
            ],
            [
              82.113134,
              27.54095
            ],
            [
              82.108394,
              27.547964
            ],
            [
              82.102902,
              27.554533
            ],
            [
              82.09671,
              27.560592
            ],
            [
              82.089879,
              27.566084
            ],
            [
              82.082474,
              27.570956
            ],
            [
              82.074565,
              27.57516
            ],
            [
              82.066231,
              27.578657
            ],
            [
              82.05755,
              27.581412
            ],
            [
              82.048606,
              27.583399
            ],
            [
              82.039486,
              27.584599
            ],
            [
              82.030278,
              27.585
            ],
            [
              82.021069,
              27.584599
            ],
            [
              82.011949,
              27.583399
            ],
            [
              82.003006,
              27.581412
            ],
            [
              81.994325,
              27.578657
            ],
            [
              81.98599,
              27.57516
            ],
            [
              81.978082,
              27.570956
            ],
            [
              81.970677,
              27.566084
            ],
            [
              81.963845,
              27.560592
            ],
            [
              81.957654,
              27.554533
            ],
            [
              81.952161,
              27.547964
            ],
            [
              81.947421,
              27.54095
            ],
            [
              81.943479,
              27.533557
            ],
            [
              81.940373,
              27.525857
            ],
            [
              81.938133,
              27.517924
            ],
            [
              81.93678,
              27.509835
            ],
            [
              81.936328,
              27.501667
            ],
            [
              81.93678,
              27.493499
            ],
            [
              81.938133,
              27.485409
            ],
            [
              81.940373,
              27.477476
            ],
            [
              81.943479,
              27.469776
            ],
            [
              81.947421,
              27.462384
            ],
            [
              81.952161,
              27.455369
            ],
            [
              81.957654,
              27.448801
            ],
            [
              81.963845,
              27.442741
            ],
            [
              81.970677,
              27.437249
            ],
            [
              81.978082,
              27.432378
            ],
            [
              81.98599,
              27.428173
            ],
            [
              81.994325,
              27.424677
            ],
            [
              82.003006,
              27.421922
            ],
            [
              82.011949,
              27.419935
            ],
            [
              82.021069,
              27.418735
            ],
            [
              82.030278,
              27.418333
            ],
            [
              82.039486,
              27.418735
            ],
            [
              82.048606,
              27.419935
            ],
            [
              82.05755,
              27.421922
            ],
            [
              82.066231,
              27.424677
            ],
            [
              82.074565,
              27.428173
            ],
            [
              82.082474,
              27.432378
            ],
            [
              82.089879,
              27.437249
            ],
            [
              82.09671,
              27.442741
            ],
            [
              82.102902,
              27.448801
            ],
            [
              82.108394,
              27.455369
            ],
            [
              82.113134,
              27.462384
            ],
            [
              82.117076,
              27.469776
            ],
            [
              82.120182,
              27.477476
            ],
            [
              82.122422,
              27.485409
            ],
            [
              82.123775,
              27.493499
            ],
            [
              82.124228,
              27.501667
            ]
          ]
        ]
      }
    },
    {
      "type": "Feature",
      "properties": {
        "name": "SHRI GURU GOBIND SINGH JI AIRPORT, NANDED",
        "type": "Regulated_Airspace",
        "upper_limit": "FL 065",
        "lower_limit": "GND",
        "source": "ENR 2.2",
        "parse_method": "deterministic"
      },
      "geometry": {
        "type": "Polygon",
        "coordinates": [
          [
            [
              77.498963,
              19.181111
            ],
            [
              77.498113,
              19.197447
            ],
            [
              77.495572,
              19.213626
            ],
            [
              77.491365,
              19.229492
            ],
            [
              77.485531,
              19.244892
            ],
            [
              77.478127,
              19.259677
            ],
            [
              77.469224,
              19.273706
            ],
            [
              77.458908,
              19.286843
            ],
            [
              77.447278,
              19.298962
            ],
            [
              77.434447,
              19.309946
            ],
            [
              77.420538,
              19.319689
            ],
            [
              77.405684,
              19.328098
            ],
            [
              77.390029,
              19.335091
            ],
            [
              77.373725,
              19.340601
            ],
            [
              77.356926,
              19.344575
            ],
            [
              77.339796,
              19.346975
            ],
            [
              77.3225,
              19.347778
            ],
            [
              77.305204,
              19.346975
            ],
            [
              77.288074,
              19.344575
            ],
            [
              77.271275,
              19.340601
            ],
            [
              77.254971,
              19.335091
            ],
            [
              77.239316,
              19.328098
            ],
            [
              77.224462,
              19.319689
            ],
            [
              77.210553,
              19.309946
            ],
            [
              77.197722,
              19.298962
            ],
            [
              77.186092,
              19.286843
            ],
            [
              77.175776,
              19.273706
            ],
            [
              77.166873,
              19.259677
            ],
            [
              77.159469,
              19.244892
            ],
            [
              77.153635,
              19.229492
            ],
            [
              77.149428,
              19.213626
            ],
            [
              77.146887,
              19.197447
            ],
            [
              77.146037,
              19.181111
            ],
            [
              77.146887,
              19.164775
            ],
            [
              77.149428,
              19.148596
            ],
            [
              77.153635,
              19.13273
            ],
            [
              77.159469,
              19.117331
            ],
            [
              77.166873,
              19.102545
            ],
            [
              77.175776,
              19.088516
            ],
            [
              77.186092,
              19.075379
            ],
            [
              77.197722,
              19.06326
            ],
            [
              77.210553,
              19.052276
            ],
            [
              77.224462,
              19.042533
            ],
            [
              77.239316,
              19.034124
            ],
            [
              77.254971,
              19.027131
            ],
            [
              77.271275,
              19.021621
            ],
            [
              77.288074,
              19.017647
            ],
            [
              77.305204,
              19.015247
            ],
            [
              77.3225,
              19.014444
            ],
            [
              77.339796,
              19.015247
            ],
            [
              77.356926,
              19.017647
            ],
            [
              77.373725,
              19.021621
            ],
            [
              77.390029,
              19.027131
            ],
            [
              77.405684,
              19.034124
            ],
            [
              77.420538,
              19.042533
            ],
            [
              77.434447,
              19.052276
            ],
            [
              77.447278,
              19.06326
            ],
            [
              77.458908,
              19.075379
            ],
            [
              77.469224,
              19.088516
            ],
            [
              77.478127,
              19.102545
            ],
            [
              77.485531,
              19.117331
            ],
            [
              77.491365,
              19.13273
            ],
            [
              77.495572,
              19.148596
            ],
            [
              77.498113,
              19.164775
            ],
            [
              77.498963,
              19.181111
            ]
          ]
        ]
      }
    },
    {
      "type": "Feature",
      "properties": {
        "name": "SOLAPUR AIRPORT, SOLAPUR",
        "type": "Regulated_Airspace",
        "upper_limit": "FL 055",
        "lower_limit": "GND",
        "source": "ENR 2.2",
        "parse_method": "deterministic"
      },
      "geometry": {
        "type": "Polygon",
        "coordinates": [
          [
            [
              76.109045,
              17.627778
            ],
            [
              76.108203,
              17.644114
            ],
            [
              76.105685,
              17.660293
            ],
            [
              76.101515,
              17.676159
            ],
            [
              76.095733,
              17.691558
            ],
            [
              76.088396,
              17.706344
            ],
            [
              76.079573,
              17.720373
            ],
            [
              76.069349,
              17.73351
            ],
            [
              76.057824,
              17.745629
            ],
            [
              76.045108,
              17.756613
            ],
            [
              76.031324,
              17.766356
            ],
            [
              76.016604,
              17.774765
            ],
            [
              76.00109,
              17.781758
            ],
            [
              75.984931,
              17.787268
            ],
            [
              75.968284,
              17.791242
            ],
            [
              75.951308,
              17.793642
            ],
            [
              75.934167,
              17.794444
            ],
            [
              75.917026,
              17.793642
            ],
            [
              75.90005,
              17.791242
            ],
            [
              75.883402,
              17.787268
            ],
            [
              75.867244,
              17.781758
            ],
            [
              75.85173,
              17.774765
            ],
            [
              75.83701,
              17.766356
            ],
            [
              75.823225,
              17.756613
            ],
            [
              75.810509,
              17.745629
            ],
            [
              75.798984,
              17.73351
            ],
            [
              75.788761,
              17.720373
            ],
            [
              75.779938,
              17.706344
            ],
            [
              75.7726,
              17.691558
            ],
            [
              75.766819,
              17.676159
            ],
            [
              75.762649,
              17.660293
            ],
            [
              75.76013,
              17.644114
            ],
            [
              75.759288,
              17.627778
            ],
            [
              75.76013,
              17.611442
            ],
            [
              75.762649,
              17.595263
            ],
            [
              75.766819,
              17.579397
            ],
            [
              75.7726,
              17.563997
            ],
            [
              75.779938,
              17.549212
            ],
            [
              75.788761,
              17.535183
            ],
            [
              75.798984,
              17.522046
            ],
            [
              75.810509,
              17.509927
            ],
            [
              75.823225,
              17.498943
            ],
            [
              75.83701,
              17.4892
            ],
            [
              75.85173,
              17.480791
            ],
            [
              75.867244,
              17.473798
            ],
            [
              75.883402,
              17.468288
            ],
            [
              75.90005,
              17.464314
            ],
            [
              75.917026,
              17.461914
            ],
            [
              75.934167,
              17.461111
            ],
            [
              75.951308,
              17.461914
            ],
            [
              75.968284,
              17.464314
            ],
            [
              75.984931,
              17.468288
            ],
            [
              76.00109,
              17.473798
            ],
            [
              76.016604,
              17.480791
            ],
            [
              76.031324,
              17.4892
            ],
            [
              76.045108,
              17.498943
            ],
            [
              76.057824,
              17.509927
            ],
            [
              76.069349,
              17.522046
            ],
            [
              76.079573,
              17.535183
            ],
            [
              76.088396,
              17.549212
            ],
            [
              76.095733,
              17.563997
            ],
            [
              76.101515,
              17.579397
            ],
            [
              76.105685,
              17.595263
            ],
            [
              76.108203,
              17.611442
            ],
            [
              76.109045,
              17.627778
            ]
          ]
        ]
      }
    },
    {
      "type": "Feature",
      "properties": {
        "name": "UTKELA",
        "type": "Regulated_Airspace",
        "upper_limit": "FL 075",
        "lower_limit": "GND",
        "source": "ENR 2.2",
        "parse_method": "deterministic"
      },
      "geometry": {
        "type": "Polygon",
        "coordinates": [
          [
            [
              83.627295,
              20.097778
            ],
            [
              83.625158,
              20.138618
            ],
            [
              83.618769,
              20.179065
            ],
            [
              83.60819,
              20.21873
            ],
            [
              83.593521,
              20.257229
            ],
            [
              83.574905,
              20.294193
            ],
            [
              83.552521,
              20.329265
            ],
            [
              83.526583,
              20.362108
            ],
            [
              83.497343,
              20.392406
            ],
            [
              83.465081,
              20.419865
            ],
            [
              83.430109,
              20.444223
            ],
            [
              83.392762,
              20.465245
            ],
            [
              83.353401,
              20.482728
            ],
            [
              83.312406,
              20.496503
            ],
            [
              83.270169,
              20.506438
            ],
            [
              83.2271,
              20.512438
            ],
            [
              83.183611,
              20.514444
            ],
            [
              83.140123,
              20.512438
            ],
            [
              83.097053,
              20.506438
            ],
            [
              83.054817,
              20.496503
            ],
            [
              83.013821,
              20.482728
            ],
            [
              82.97446,
              20.465245
            ],
            [
              82.937114,
              20.444223
            ],
            [
              82.902141,
              20.419865
            ],
            [
              82.869879,
              20.392406
            ],
            [
              82.840639,
              20.362108
            ],
            [
              82.814702,
              20.329265
            ],
            [
              82.792317,
              20.294193
            ],
            [
              82.773701,
              20.257229
            ],
            [
              82.759032,
              20.21873
            ],
            [
              82.748453,
              20.179065
            ],
            [
              82.742064,
              20.138618
            ],
            [
              82.739927,
              20.097778
            ],
            [
              82.742064,
              20.056937
            ],
            [
              82.748453,
              20.01649
            ],
            [
              82.759032,
              19.976826
            ],
            [
              82.773701,
              19.938326
            ],
            [
              82.792317,
              19.901362
            ],
            [
              82.814702,
              19.86629
            ],
            [
              82.840639,
              19.833447
            ],
            [
              82.869879,
              19.80315
            ],
            [
              82.902141,
              19.77569
            ],
            [
              82.937114,
              19.751332
            ],
            [
              82.97446,
              19.730311
            ],
            [
              83.013821,
              19.712828
            ],
            [
              83.054817,
              19.699053
            ],
            [
              83.097053,
              19.689117
            ],
            [
              83.140123,
              19.683117
            ],
            [
              83.183611,
              19.681111
            ],
            [
              83.2271,
              19.683117
            ],
            [
              83.270169,
              19.689117
            ],
            [
              83.312406,
              19.699053
            ],
            [
              83.353401,
              19.712828
            ],
            [
              83.392762,
              19.730311
            ],
            [
              83.430109,
              19.751332
            ],
            [
              83.465081,
              19.77569
            ],
            [
              83.497343,
              19.80315
            ],
            [
              83.526583,
              19.833447
            ],
            [
              83.552521,
              19.86629
            ],
            [
              83.574905,
              19.901362
            ],
            [
              83.593521,
              19.938326
            ],
            [
              83.60819,
              19.976826
            ],
            [
              83.618769,
              20.01649
            ],
            [
              83.625158,
              20.056937
            ],
            [
              83.627295,
              20.097778
            ]
          ]
        ]
      }
    },
    {
      "type": "Feature",
      "properties": {
        "name": "VELLORE",
        "type": "Regulated_Airspace",
        "upper_limit": "FL 065",
        "lower_limit": "GND",
        "source": "ENR 2.2",
        "parse_method": "deterministic"
      },
      "geometry": {
        "type": "Polygon",
        "coordinates": [
          [
            [
              79.272407,
              12.908056
            ],
            [
              79.271419,
              12.927659
            ],
            [
              79.268465,
              12.947074
            ],
            [
              79.263572,
              12.966112
            ],
            [
              79.256789,
              12.984592
            ],
            [
              79.248179,
              13.002335
            ],
            [
              79.237827,
              13.01917
            ],
            [
              79.225832,
              13.034934
            ],
            [
              79.21231,
              13.049477
            ],
            [
              79.19739,
              13.062658
            ],
            [
              79.181217,
              13.074349
            ],
            [
              79.163946,
              13.08444
            ],
            [
              79.145743,
              13.092831
            ],
            [
              79.126784,
              13.099444
            ],
            [
              79.107252,
              13.104213
            ],
            [
              79.087334,
              13.107093
            ],
            [
              79.067222,
              13.108056
            ],
            [
              79.047111,
              13.107093
            ],
            [
              79.027193,
              13.104213
            ],
            [
              79.00766,
              13.099444
            ],
            [
              78.988701,
              13.092831
            ],
            [
              78.970499,
              13.08444
            ],
            [
              78.953228,
              13.074349
            ],
            [
              78.937054,
              13.062658
            ],
            [
              78.922134,
              13.049477
            ],
            [
              78.908612,
              13.034934
            ],
            [
              78.896617,
              13.01917
            ],
            [
              78.886265,
              13.002335
            ],
            [
              78.877656,
              12.984592
            ],
            [
              78.870872,
              12.966112
            ],
            [
              78.86598,
              12.947074
            ],
            [
              78.863025,
              12.927659
            ],
            [
              78.862037,
              12.908056
            ],
            [
              78.863025,
              12.888452
            ],
            [
              78.86598,
              12.869037
            ],
            [
              78.870872,
              12.849999
            ],
            [
              78.877656,
              12.831519
            ],
            [
              78.886265,
              12.813776
            ],
            [
              78.896617,
              12.796942
            ],
            [
              78.908612,
              12.781177
            ],
            [
              78.922134,
              12.766634
            ],
            [
              78.937054,
              12.753453
            ],
            [
              78.953228,
              12.741762
            ],
            [
              78.970499,
              12.731671
            ],
            [
              78.988701,
              12.72328
            ],
            [
              79.00766,
              12.716667
            ],
            [
              79.027193,
              12.711899
            ],
            [
              79.047111,
              12.709019
            ],
            [
              79.067222,
              12.708056
            ],
            [
              79.087334,
              12.709019
            ],
            [
              79.107252,
              12.711899
            ],
            [
              79.126784,
              12.716667
            ],
            [
              79.145743,
              12.72328
            ],
            [
              79.163946,
              12.731671
            ],
            [
              79.181217,
              12.741762
            ],
            [
              79.19739,
              12.753453
            ],
            [
              79.21231,
              12.766634
            ],
            [
              79.225832,
              12.781177
            ],
            [
              79.237827,
              12.796942
            ],
            [
              79.248179,
              12.813776
            ],
            [
              79.256789,
              12.831519
            ],
            [
              79.263572,
              12.849999
            ],
            [
              79.268465,
              12.869037
            ],
            [
              79.271419,
              12.888452
            ],
            [
              79.272407,
              12.908056
            ]
          ]
        ]
      }
    },
    {
      "type": "Feature",
      "properties": {
        "name": "VOR 181 B HAL",
        "type": "Restricted",
        "upper_limit": "UNL",
        "lower_limit": "GND",
        "source": "ENR 5.1",
        "parse_method": "deterministic"
      },
      "geometry": {
        "type": "Polygon",
        "coordinates": [
          [
            [
              76.454167,
              12.758333
            ],
            [
              77.25,
              12.758333
            ],
            [
              77.382222,
              12.868056
            ],
            [
              77.632222,
              12.868056
            ],
            [
              76.998889,
              11.634722
            ],
            [
              76.454167,
              12.758333
            ]
          ]
        ]
      }
    },
    {
      "type": "Feature",
      "properties": {
        "name": "VOR 181 D VOR181 (D) HAL",
        "type": "Restricted",
        "upper_limit": "FL 460",
        "lower_limit": "GND",
        "source": "ENR 5.1",
        "parse_method": "deterministic"
      },
      "geometry": {
        "type": "Polygon",
        "coordinates": [
          [
            [
              78.0,
              13.0
            ],
            [
              78.416667,
              13.0
            ],
            [
              78.416667,
              12.75
            ],
            [
              78.0,
              12.85
            ],
            [
              78.0,
              13.0
            ]
          ]
        ]
      }
    },
    {
      "type": "Feature",
      "properties": {
        "name": "VOR 184 Vishakhapatnam",
        "type": "Restricted",
        "upper_limit": "3000 FT AMSL",
        "lower_limit": "GND",
        "source": "ENR 5.1",
        "parse_method": "deterministic"
      },
      "geometry": {
        "type": "Polygon",
        "coordinates": [
          [
            [
              83.256111,
              17.724444
            ],
            [
              83.238889,
              17.727222
            ],
            [
              83.238889,
              17.729444
            ],
            [
              83.243056,
              17.732222
            ],
            [
              83.254722,
              17.728611
            ],
            [
              83.255,
              17.7275
            ],
            [
              83.256111,
              17.724444
            ]
          ]
        ]
      }
    },
    {
      "type": "Feature",
      "properties": {
        "name": "VOR 185 C Yellahanka",
        "type": "Restricted",
        "upper_limit": "6000 FT AMSL",
        "lower_limit": "GND",
        "source": "ENR 5.1",
        "parse_method": "deterministic"
      },
      "geometry": {
        "type": "Polygon",
        "coordinates": [
          [
            [
              78.0,
              13.125
            ],
            [
              78.15,
              13.125
            ],
            [
              78.15,
              13.233333
            ],
            [
              78.416667,
              13.233333
            ],
            [
              78.416667,
              13.0
            ],
            [
              78.0,
              13.0
            ],
            [
              78.0,
              13.125
            ]
          ]
        ]
      }
    },
    {
      "type": "Feature",
      "properties": {
        "name": "VOR 191-A Cochin",
        "type": "Restricted",
        "upper_limit": "2000 FT AMSL",
        "lower_limit": "GND",
        "source": "ENR 5.1",
        "parse_method": "deterministic"
      },
      "geometry": {
        "type": "Polygon",
        "coordinates": [
          [
            [
              76.0,
              9.966667
            ],
            [
              76.45,
              9.966667
            ],
            [
              76.466667,
              9.9
            ],
            [
              76.025,
              9.9
            ],
            [
              76.0,
              9.966667
            ]
          ]
        ]
      }
    },
    {
      "type": "Feature",
      "properties": {
        "name": "VOR 191-B Cochin",
        "type": "Restricted",
        "upper_limit": "5500 FT AMSL",
        "lower_limit": "GND",
        "source": "ENR 5.1",
        "parse_method": "deterministic"
      },
      "geometry": {
        "type": "Polygon",
        "coordinates": [
          [
            [
              76.025,
              9.9
            ],
            [
              76.466667,
              9.9
            ],
            [
              76.566667,
              9.666667
            ],
            [
              76.166667,
              9.566667
            ],
            [
              76.025,
              9.9
            ]
          ]
        ]
      }
    },
    {
      "type": "Feature",
      "properties": {
        "name": "VOR 191-C Cochin",
        "type": "Restricted",
        "upper_limit": "FL 080",
        "lower_limit": "GND",
        "source": "ENR 5.1",
        "parse_method": "deterministic"
      },
      "geometry": {
        "type": "Polygon",
        "coordinates": [
          [
            [
              76.166667,
              9.566667
            ],
            [
              76.566667,
              9.666667
            ],
            [
              76.55,
              9.4
            ],
            [
              76.266667,
              9.283333
            ],
            [
              76.166667,
              9.566667
            ]
          ]
        ]
      }
    },
    {
      "type": "Feature",
      "properties": {
        "name": "VOR 191-D Cochin",
        "type": "Restricted",
        "upper_limit": "FL 090",
        "lower_limit": "GND",
        "source": "ENR 5.1",
        "parse_method": "deterministic"
      },
      "geometry": {
        "type": "Polygon",
        "coordinates": [
          [
            [
              75.525,
              9.9
            ],
            [
              76.025,
              9.9
            ],
            [
              76.283333,
              9.233333
            ],
            [
              75.858333,
              9.116667
            ],
            [
              75.525,
              9.9
            ]
          ]
        ]
      }
    },
    {
      "type": "Feature",
      "properties": {
        "name": "VOR 44B Hansa",
        "type": "Restricted",
        "upper_limit": "FL 210",
        "lower_limit": "GND",
        "source": "ENR 5.1",
        "parse_method": "deterministic"
      },
      "geometry": {
        "type": "Polygon",
        "coordinates": [
          [
            [
              73.349167,
              15.595833
            ],
            [
              74.191944,
              15.595833
            ],
            [
              74.378889,
              15.276389
            ],
            [
              74.390556,
              15.136389
            ],
            [
              74.525833,
              15.079167
            ],
            [
              74.598056,
              14.316389
            ],
            [
              74.0825,
              14.051389
            ],
            [
              73.349167,
              15.595833
            ]
          ]
        ]
      }
    },
    {
      "type": "Feature",
      "properties": {
        "name": "VOR 44C Hansa",
        "type": "Restricted",
        "upper_limit": "FL 210",
        "lower_limit": "GND",
        "source": "ENR 5.1",
        "parse_method": "deterministic"
      },
      "geometry": {
        "type": "Polygon",
        "coordinates": [
          [
            [
              73.226389,
              15.8525
            ],
            [
              73.521944,
              15.876944
            ],
            [
              73.521944,
              15.595833
            ],
            [
              73.349167,
              15.595833
            ],
            [
              73.226389,
              15.8525
            ]
          ]
        ]
      }
    },
    {
      "type": "Feature",
      "properties": {
        "name": "VOR 44D Hansa",
        "type": "Restricted",
        "upper_limit": "FL 080",
        "lower_limit": "GND",
        "source": "ENR 5.1",
        "parse_method": "deterministic"
      },
      "geometry": {
        "type": "Polygon",
        "coordinates": [
          [
            [
              74.390556,
              15.136389
            ],
            [
              74.378889,
              15.276389
            ],
            [
              74.516111,
              15.283056
            ],
            [
              74.525833,
              15.079167
            ],
            [
              74.390556,
              15.136389
            ]
          ]
        ]
      }
    },
    {
      "type": "Feature",
      "properties": {
        "name": "VOR182 [SULUR]",
        "type": "Restricted",
        "upper_limit": "FL 275",
        "lower_limit": "GND",
        "source": "ENR 5.1",
        "parse_method": "deterministic"
      },
      "geometry": {
        "type": "Polygon",
        "coordinates": [
          [
            [
              77.468056,
              10.973889
            ],
            [
              77.439167,
              10.869444
            ],
            [
              77.925556,
              10.306667
            ],
            [
              78.257778,
              10.489722
            ],
            [
              78.163889,
              10.817778
            ],
            [
              78.260833,
              11.002222
            ],
            [
              78.1075,
              11.176944
            ],
            [
              77.468056,
              10.973889
            ]
          ]
        ]
      }
    },
    {
      "type": "Feature",
      "properties": {
        "name": "VOR183(A) [TAMBARAM-I]",
        "type": "Restricted",
        "upper_limit": "FL 255",
        "lower_limit": "GND",
        "source": "ENR 5.1",
        "parse_method": "deterministic"
      },
      "geometry": {
        "type": "Polygon",
        "coordinates": [
          [
            [
              80.265278,
              12.951389
            ],
            [
              80.098611,
              12.934722
            ],
            [
              79.448611,
              11.884722
            ],
            [
              79.815278,
              11.768056
            ],
            [
              80.265278,
              12.951389
            ]
          ]
        ]
      }
    },
    {
      "type": "Feature",
      "properties": {
        "name": "VOR183(B) [TAMBARAM-II]",
        "type": "Restricted",
        "upper_limit": "FL 255",
        "lower_limit": "FL 150",
        "source": "ENR 5.1",
        "parse_method": "deterministic"
      },
      "geometry": {
        "type": "Polygon",
        "coordinates": [
          [
            [
              79.498611,
              12.884722
            ],
            [
              79.965278,
              12.701389
            ],
            [
              79.448611,
              11.884722
            ],
            [
              79.498611,
              12.884722
            ]
          ]
        ]
      }
    },
    {
      "type": "Feature",
      "properties": {
        "name": "VOR186(A) [BIDAR]",
        "type": "Restricted",
        "upper_limit": "FL 120",
        "lower_limit": "GND",
        "source": "ENR 5.1",
        "parse_method": "deterministic"
      },
      "geometry": {
        "type": "Polygon",
        "coordinates": [
          [
            [
              75.998889,
              19.3175
            ],
            [
              77.165556,
              19.7175
            ],
            [
              78.4,
              19.25
            ],
            [
              77.716667,
              17.9
            ],
            [
              77.8,
              17.816667
            ],
            [
              77.733333,
              17.633333
            ],
            [
              76.998889,
              17.601111
            ],
            [
              75.998889,
              19.3175
            ]
          ]
        ]
      }
    },
    {
      "type": "Feature",
      "properties": {
        "name": "VOR186(B) [BIDAR]",
        "type": "Restricted",
        "upper_limit": "FL 240",
        "lower_limit": "FL 120",
        "source": "ENR 5.1",
        "parse_method": "deterministic"
      },
      "geometry": {
        "type": "Polygon",
        "coordinates": [
          [
            [
              75.998889,
              19.3175
            ],
            [
              77.165556,
              19.7175
            ],
            [
              78.4,
              19.25
            ],
            [
              77.716667,
              17.9
            ],
            [
              77.8,
              17.816667
            ],
            [
              77.733333,
              17.633333
            ],
            [
              76.998889,
              17.601111
            ],
            [
              75.998889,
              19.3175
            ]
          ]
        ]
      }
    },
    {
      "type": "Feature",
      "properties": {
        "name": "VOR186(C) [AFA]",
        "type": "Restricted",
        "upper_limit": "FL 120",
        "lower_limit": "GND",
        "source": "ENR 5.1",
        "parse_method": "deterministic"
      },
      "geometry": {
        "type": "Polygon",
        "coordinates": [
          [
            [
              78.4,
              19.25
            ],
            [
              79.166667,
              18.966667
            ],
            [
              78.45,
              17.5
            ],
            [
              78.398611,
              17.501111
            ],
            [
              77.898889,
              17.651111
            ],
            [
              77.733333,
              17.633333
            ],
            [
              77.8,
              17.816667
            ],
            [
              77.716667,
              17.9
            ],
            [
              78.4,
              19.25
            ]
          ]
        ]
      }
    },
    {
      "type": "Feature",
      "properties": {
        "name": "VOR186(D) [AFA]",
        "type": "Restricted",
        "upper_limit": "FL 240",
        "lower_limit": "FL 120",
        "source": "ENR 5.1",
        "parse_method": "deterministic"
      },
      "geometry": {
        "type": "Polygon",
        "coordinates": [
          [
            [
              78.4,
              19.25
            ],
            [
              79.166667,
              18.966667
            ],
            [
              78.45,
              17.5
            ],
            [
              78.398611,
              17.501111
            ],
            [
              77.898889,
              17.651111
            ],
            [
              77.733333,
              17.633333
            ],
            [
              77.8,
              17.816667
            ],
            [
              77.716667,
              17.9
            ],
            [
              78.4,
              19.25
            ]
          ]
        ]
      }
    },
    {
      "type": "Feature",
      "properties": {
        "name": "VOR186(E) [HAKIMPET]",
        "type": "Restricted",
        "upper_limit": "FL 120",
        "lower_limit": "GND",
        "source": "ENR 5.1",
        "parse_method": "deterministic"
      },
      "geometry": {
        "type": "Polygon",
        "coordinates": [
          [
            [
              79.166667,
              18.966667
            ],
            [
              79.448611,
              18.8675
            ],
            [
              79.831944,
              17.551111
            ],
            [
              78.998611,
              17.584444
            ],
            [
              78.998611,
              17.501111
            ],
            [
              78.45,
              17.5
            ],
            [
              79.166667,
              18.966667
            ]
          ]
        ]
      }
    },
    {
      "type": "Feature",
      "properties": {
        "name": "VOR186(F) [HAKIMPET]",
        "type": "Restricted",
        "upper_limit": "FL 240",
        "lower_limit": "FL 120",
        "source": "ENR 5.1",
        "parse_method": "deterministic"
      },
      "geometry": {
        "type": "Polygon",
        "coordinates": [
          [
            [
              79.166667,
              18.966667
            ],
            [
              79.448611,
              18.8675
            ],
            [
              79.831944,
              17.551111
            ],
            [
              78.998611,
              17.584444
            ],
            [
              78.998611,
              17.501111
            ],
            [
              78.45,
              17.5
            ],
            [
              79.166667,
              18.966667
            ]
          ]
        ]
      }
    },
    {
      "type": "Feature",
      "properties": {
        "name": "VOR192 [CAR NICOBAR]",
        "type": "Restricted",
        "upper_limit": "FL 255",
        "lower_limit": "MSL",
        "source": "ENR 5.1",
        "parse_method": "deterministic"
      },
      "geometry": {
        "type": "Polygon",
        "coordinates": [
          [
            [
              92.330278,
              8.668611
            ],
            [
              92.330278,
              9.668333
            ],
            [
              93.330278,
              9.668333
            ],
            [
              93.330278,
              8.668611
            ],
            [
              92.330278,
              8.668611
            ]
          ]
        ]
      }
    },
    {
      "type": "Feature",
      "properties": {
        "name": "VER157 [Kanpur-Chakeri]",
        "type": "Restricted",
        "upper_limit": "FL 325",
        "lower_limit": "GND",
        "source": "ENR 5.1",
        "parse_method": "deterministic"
      },
      "geometry": {
        "type": "Polygon",
        "coordinates": [
          [
            [
              80.148333,
              26.750278
            ],
            [
              79.915,
              26.133611
            ],
            [
              79.548333,
              25.950278
            ],
            [
              80.498333,
              24.950556
            ],
            [
              80.548333,
              24.583889
            ],
            [
              80.848333,
              24.533889
            ],
            [
              81.131667,
              25.416944
            ],
            [
              81.331667,
              25.800278
            ],
            [
              80.148333,
              26.750278
            ]
          ]
        ]
      }
    },
    {
      "type": "Feature",
      "properties": {
        "name": "VIR 144 Ambala (A)",
        "type": "Restricted",
        "upper_limit": "500 FT",
        "lower_limit": "GND",
        "source": "ENR 5.1",
        "parse_method": "deterministic"
      },
      "geometry": {
        "type": "Polygon",
        "coordinates": [
          [
            [
              77.065556,
              29.183333
            ],
            [
              77.731944,
              29.283333
            ],
            [
              78.065278,
              29.7
            ],
            [
              77.748611,
              29.883333
            ],
            [
              77.065556,
              29.183333
            ]
          ]
        ]
      }
    },
    {
      "type": "Feature",
      "properties": {
        "name": "VIR 148 Bhiwani",
        "type": "Restricted",
        "upper_limit": "4000 FT",
        "lower_limit": "GND",
        "source": "ENR 5.1",
        "parse_method": "deterministic"
      },
      "geometry": {
        "type": "Polygon",
        "coordinates": [
          [
            [
              76.277303,
              28.783333
            ],
            [
              76.276845,
              28.791501
            ],
            [
              76.275476,
              28.799591
            ],
            [
              76.273209,
              28.807524
            ],
            [
              76.270066,
              28.815224
            ],
            [
              76.266076,
              28.822616
            ],
            [
              76.261279,
              28.829631
            ],
            [
              76.255721,
              28.836199
            ],
            [
              76.249455,
              28.842259
            ],
            [
              76.242541,
              28.847751
            ],
            [
              76.235046,
              28.852622
            ],
            [
              76.227043,
              28.856827
            ],
            [
              76.218608,
              28.860323
            ],
            [
              76.209823,
              28.863078
            ],
            [
              76.200772,
              28.865065
            ],
            [
              76.191542,
              28.866265
            ],
            [
              76.182222,
              28.866667
            ],
            [
              76.172903,
              28.866265
            ],
            [
              76.163673,
              28.865065
            ],
            [
              76.154622,
              28.863078
            ],
            [
              76.145836,
              28.860323
            ],
            [
              76.137401,
              28.856827
            ],
            [
              76.129398,
              28.852622
            ],
            [
              76.121904,
              28.847751
            ],
            [
              76.11499,
              28.842259
            ],
            [
              76.108724,
              28.836199
            ],
            [
              76.103165,
              28.829631
            ],
            [
              76.098368,
              28.822616
            ],
            [
              76.094379,
              28.815224
            ],
            [
              76.091235,
              28.807524
            ],
            [
              76.088968,
              28.799591
            ],
            [
              76.087599,
              28.791501
            ],
            [
              76.087141,
              28.783333
            ],
            [
              76.087599,
              28.775165
            ],
            [
              76.088968,
              28.767076
            ],
            [
              76.091235,
              28.759143
            ],
            [
              76.094379,
              28.751443
            ],
            [
              76.098368,
              28.74405
            ],
            [
              76.103165,
              28.737036
            ],
            [
              76.108724,
              28.730467
            ],
            [
              76.11499,
              28.724408
            ],
            [
              76.121904,
              28.718916
            ],
            [
              76.129398,
              28.714044
            ],
            [
              76.137401,
              28.70984
            ],
            [
              76.145836,
              28.706343
            ],
            [
              76.154622,
              28.703588
            ],
            [
              76.163673,
              28.701601
            ],
            [
              76.172903,
              28.700401
            ],
            [
              76.182222,
              28.7
            ],
            [
              76.191542,
              28.700401
            ],
            [
              76.200772,
              28.701601
            ],
            [
              76.209823,
              28.703588
            ],
            [
              76.218608,
              28.706343
            ],
            [
              76.227043,
              28.70984
            ],
            [
              76.235046,
              28.714044
            ],
            [
              76.242541,
              28.718916
            ],
            [
              76.249455,
              28.724408
            ],
            [
              76.255721,
              28.730467
            ],
            [
              76.261279,
              28.737036
            ],
            [
              76.266076,
              28.74405
            ],
            [
              76.270066,
              28.751443
            ],
            [
              76.273209,
              28.759143
            ],
            [
              76.275476,
              28.767076
            ],
            [
              76.276845,
              28.775165
            ],
            [
              76.277303,
              28.783333
            ]
          ]
        ]
      }
    },
    {
      "type": "Feature",
      "properties": {
        "name": "VIR 149 B Bhatinda",
        "type": "Restricted",
        "upper_limit": "FL 190",
        "lower_limit": "GND",
        "source": "ENR 5.1",
        "parse_method": "deterministic"
      },
      "geometry": {
        "type": "Polygon",
        "coordinates": [
          [
            [
              74.890833,
              30.766389
            ],
            [
              74.999167,
              30.233333
            ],
            [
              75.432222,
              28.9
            ],
            [
              75.076389,
              28.895833
            ],
            [
              74.683333,
              30.716667
            ],
            [
              74.890833,
              30.766389
            ]
          ]
        ]
      }
    },
    {
      "type": "Feature",
      "properties": {
        "name": "VIR 152 A Fursatganj-I",
        "type": "Restricted",
        "upper_limit": "6000 FT",
        "lower_limit": "GND",
        "source": "ENR 5.1",
        "parse_method": "deterministic"
      },
      "geometry": {
        "type": "Polygon",
        "coordinates": [
          [
            [
              81.514722,
              26.716944
            ],
            [
              81.931389,
              26.500278
            ],
            [
              81.415,
              25.850278
            ],
            [
              81.081667,
              26.116944
            ],
            [
              81.514722,
              26.716944
            ]
          ]
        ]
      }
    },
    {
      "type": "Feature",
      "properties": {
        "name": "VIR 152 B Fursatganj-II",
        "type": "Restricted",
        "upper_limit": "6000 FT",
        "lower_limit": "3000 FT",
        "source": "ENR 5.1",
        "parse_method": "deterministic"
      },
      "geometry": {
        "type": "Polygon",
        "coordinates": [
          [
            [
              81.931389,
              26.500278
            ],
            [
              82.364722,
              26.283611
            ],
            [
              82.031389,
              25.850278
            ],
            [
              81.581389,
              25.916944
            ],
            [
              81.548056,
              25.883611
            ],
            [
              81.481389,
              25.933611
            ],
            [
              81.931389,
              26.500278
            ]
          ]
        ]
      }
    },
    {
      "type": "Feature",
      "properties": {
        "name": "VIR 153 C Gwalior - III",
        "type": "Restricted",
        "upper_limit": "FL 280",
        "lower_limit": "FL 160",
        "source": "ENR 5.1",
        "parse_method": "deterministic"
      },
      "geometry": {
        "type": "Polygon",
        "coordinates": [
          [
            [
              78.510771,
              26.283611
            ],
            [
              78.509429,
              26.308115
            ],
            [
              78.505414,
              26.332384
            ],
            [
              78.498765,
              26.356182
            ],
            [
              78.489547,
              26.379282
            ],
            [
              78.477848,
              26.40146
            ],
            [
              78.463781,
              26.422504
            ],
            [
              78.447481,
              26.442209
            ],
            [
              78.429105,
              26.460388
            ],
            [
              78.40883,
              26.476864
            ],
            [
              78.386852,
              26.491479
            ],
            [
              78.363383,
              26.504091
            ],
            [
              78.338647,
              26.514581
            ],
            [
              78.312884,
              26.522846
            ],
            [
              78.286341,
              26.528807
            ],
            [
              78.259274,
              26.532407
            ],
            [
              78.231944,
              26.533611
            ],
            [
              78.204615,
              26.532407
            ],
            [
              78.177548,
              26.528807
            ],
            [
              78.151005,
              26.522846
            ],
            [
              78.125242,
              26.514581
            ],
            [
              78.100506,
              26.504091
            ],
            [
              78.077036,
              26.491479
            ],
            [
              78.055058,
              26.476864
            ],
            [
              78.034784,
              26.460388
            ],
            [
              78.016408,
              26.442209
            ],
            [
              78.000108,
              26.422504
            ],
            [
              77.986041,
              26.40146
            ],
            [
              77.974342,
              26.379282
            ],
            [
              77.965124,
              26.356182
            ],
            [
              77.958475,
              26.332384
            ],
            [
              77.95446,
              26.308115
            ],
            [
              77.953117,
              26.283611
            ],
            [
              77.95446,
              26.259107
            ],
            [
              77.958475,
              26.234839
            ],
            [
              77.965124,
              26.21104
            ],
            [
              77.974342,
              26.18794
            ],
            [
              77.986041,
              26.165762
            ],
            [
              78.000108,
              26.144719
            ],
            [
              78.016408,
              26.125013
            ],
            [
              78.034784,
              26.106834
            ],
            [
              78.055058,
              26.090358
            ],
            [
              78.077036,
              26.075744
            ],
            [
              78.100506,
              26.063131
            ],
            [
              78.125242,
              26.052641
            ],
            [
              78.151005,
              26.044376
            ],
            [
              78.177548,
              26.038415
            ],
            [
              78.204615,
              26.034815
            ],
            [
              78.231944,
              26.033611
            ],
            [
              78.259274,
              26.034815
            ],
            [
              78.286341,
              26.038415
            ],
            [
              78.312884,
              26.044376
            ],
            [
              78.338647,
              26.052641
            ],
            [
              78.363383,
              26.063131
            ],
            [
              78.386852,
              26.075744
            ],
            [
              78.40883,
              26.090358
            ],
            [
              78.429105,
              26.106834
            ],
            [
              78.447481,
              26.125013
            ],
            [
              78.463781,
              26.144719
            ],
            [
              78.477848,
              26.165762
            ],
            [
              78.489547,
              26.18794
            ],
            [
              78.498765,
              26.21104
            ],
            [
              78.505414,
              26.234839
            ],
            [
              78.509429,
              26.259107
            ],
            [
              78.510771,
              26.283611
            ]
          ]
        ]
      }
    },
    {
      "type": "Feature",
      "properties": {
        "name": "VIR 156-A Jodhpur (1)",
        "type": "Restricted",
        "upper_limit": "10000 FT",
        "lower_limit": "GND",
        "source": "ENR 5.1",
        "parse_method": "deterministic"
      },
      "geometry": {
        "type": "Polygon",
        "coordinates": [
          [
            [
              72.999444,
              26.416944
            ],
            [
              71.999444,
              26.333611
            ],
            [
              71.999444,
              27.000278
            ],
            [
              72.366111,
              27.133611
            ],
            [
              72.999444,
              26.416944
            ]
          ]
        ]
      }
    },
    {
      "type": "Feature",
      "properties": {
        "name": "VIR 156-E Jodhpur (5)",
        "type": "Restricted",
        "upper_limit": "10000 FT AMSL",
        "lower_limit": "GND",
        "source": "ENR 5.1",
        "parse_method": "deterministic"
      },
      "geometry": {
        "type": "Polygon",
        "coordinates": [
          [
            [
              73.299444,
              26.083611
            ],
            [
              73.199444,
              26.200278
            ],
            [
              73.4325,
              26.283611
            ],
            [
              73.715833,
              26.183611
            ],
            [
              73.415833,
              26.083611
            ],
            [
              73.299444,
              26.083611
            ]
          ]
        ]
      }
    },
    {
      "type": "Feature",
      "properties": {
        "name": "VIR 158 Karnal",
        "type": "Restricted",
        "upper_limit": "FL 050",
        "lower_limit": "GND",
        "source": "ENR 5.1",
        "parse_method": "deterministic"
      },
      "geometry": {
        "type": "Polygon",
        "coordinates": [
          [
            [
              77.094793,
              29.666667
            ],
            [
              77.094332,
              29.674835
            ],
            [
              77.092951,
              29.682924
            ],
            [
              77.090664,
              29.690857
            ],
            [
              77.087493,
              29.698557
            ],
            [
              77.083469,
              29.70595
            ],
            [
              77.078631,
              29.712964
            ],
            [
              77.073024,
              29.719533
            ],
            [
              77.066704,
              29.725592
            ],
            [
              77.05973,
              29.731084
            ],
            [
              77.052171,
              29.735956
            ],
            [
              77.044098,
              29.74016
            ],
            [
              77.03559,
              29.743657
            ],
            [
              77.026729,
              29.746412
            ],
            [
              77.017599,
              29.748399
            ],
            [
              77.008289,
              29.749599
            ],
            [
              76.998889,
              29.75
            ],
            [
              76.989489,
              29.749599
            ],
            [
              76.980179,
              29.748399
            ],
            [
              76.971049,
              29.746412
            ],
            [
              76.962188,
              29.743657
            ],
            [
              76.95368,
              29.74016
            ],
            [
              76.945607,
              29.735956
            ],
            [
              76.938048,
              29.731084
            ],
            [
              76.931074,
              29.725592
            ],
            [
              76.924754,
              29.719533
            ],
            [
              76.919147,
              29.712964
            ],
            [
              76.914309,
              29.70595
            ],
            [
              76.910285,
              29.698557
            ],
            [
              76.907114,
              29.690857
            ],
            [
              76.904827,
              29.682924
            ],
            [
              76.903446,
              29.674835
            ],
            [
              76.902984,
              29.666667
            ],
            [
              76.903446,
              29.658499
            ],
            [
              76.904827,
              29.650409
            ],
            [
              76.907114,
              29.642476
            ],
            [
              76.910285,
              29.634776
            ],
            [
              76.914309,
              29.627384
            ],
            [
              76.919147,
              29.620369
            ],
            [
              76.924754,
              29.613801
            ],
            [
              76.931074,
              29.607741
            ],
            [
              76.938048,
              29.602249
            ],
            [
              76.945607,
              29.597378
            ],
            [
              76.95368,
              29.593173
            ],
            [
              76.962188,
              29.589677
            ],
            [
              76.971049,
              29.586922
            ],
            [
              76.980179,
              29.584935
            ],
            [
              76.989489,
              29.583735
            ],
            [
              76.998889,
              29.583333
            ],
            [
              77.008289,
              29.583735
            ],
            [
              77.017599,
              29.584935
            ],
            [
              77.026729,
              29.586922
            ],
            [
              77.03559,
              29.589677
            ],
            [
              77.044098,
              29.593173
            ],
            [
              77.052171,
              29.597378
            ],
            [
              77.05973,
              29.602249
            ],
            [
              77.066704,
              29.607741
            ],
            [
              77.073024,
              29.613801
            ],
            [
              77.078631,
              29.620369
            ],
            [
              77.083469,
              29.627384
            ],
            [
              77.087493,
              29.634776
            ],
            [
              77.090664,
              29.642476
            ],
            [
              77.092951,
              29.650409
            ],
            [
              77.094332,
              29.658499
            ],
            [
              77.094793,
              29.666667
            ]
          ]
        ]
      }
    },
    {
      "type": "Feature",
      "properties": {
        "name": "VIR 91 B HINDAN",
        "type": "Restricted",
        "upper_limit": "FL 170",
        "lower_limit": "GND",
        "source": "ENR 5.1",
        "parse_method": "deterministic"
      },
      "geometry": {
        "type": "Polygon",
        "coordinates": [
          [
            [
              77.823611,
              28.616667
            ],
            [
              77.815278,
              28.583333
            ],
            [
              78.798611,
              28.583333
            ],
            [
              78.831944,
              28.8
            ],
            [
              78.981944,
              28.8
            ],
            [
              79.056944,
              29.058333
            ],
            [
              77.823611,
              28.616667
            ]
          ]
        ]
      }
    },
    {
      "type": "Feature",
      "properties": {
        "name": "VIR-164 A Nal I",
        "type": "Restricted",
        "upper_limit": "FL 090",
        "lower_limit": "GND",
        "source": "ENR 5.1",
        "parse_method": "deterministic"
      },
      "geometry": {
        "type": "Polygon",
        "coordinates": [
          [
            [
              73.6825,
              28.016667
            ],
            [
              73.6825,
              28.166667
            ],
            [
              75.498889,
              28.25
            ],
            [
              75.498889,
              28.083333
            ],
            [
              73.6825,
              28.016667
            ]
          ]
        ]
      }
    },
    {
      "type": "Feature",
      "properties": {
        "name": "VIR-164 B Nal II",
        "type": "Restricted",
        "upper_limit": "FL 210",
        "lower_limit": "GND",
        "source": "ENR 5.1",
        "parse_method": "deterministic"
      },
      "geometry": {
        "type": "Polygon",
        "coordinates": [
          [
            [
              73.6825,
              28.016667
            ],
            [
              72.308333,
              28.233333
            ],
            [
              72.366667,
              28.3
            ],
            [
              73.6825,
              28.316667
            ],
            [
              73.6825,
              28.016667
            ]
          ]
        ]
      }
    },
    {
      "type": "Feature",
      "properties": {
        "name": "VIR142 [Agra (A)]",
        "type": "Restricted",
        "upper_limit": "FL 325",
        "lower_limit": "GND",
        "source": "ENR 5.1",
        "parse_method": "deterministic"
      },
      "geometry": {
        "type": "Polygon",
        "coordinates": [
          [
            [
              76.748889,
              25.883611
            ],
            [
              76.348889,
              26.183611
            ],
            [
              76.498889,
              26.883611
            ],
            [
              76.932222,
              27.183611
            ],
            [
              77.498611,
              27.216944
            ],
            [
              77.898611,
              26.633611
            ],
            [
              77.132222,
              26.233611
            ],
            [
              76.748889,
              25.883611
            ]
          ]
        ]
      }
    },
    {
      "type": "Feature",
      "properties": {
        "name": "VIR143 [GWALIOR]",
        "type": "Restricted",
        "upper_limit": "FL 325",
        "lower_limit": "GND",
        "source": "ENR 5.1",
        "parse_method": "deterministic"
      },
      "geometry": {
        "type": "Polygon",
        "coordinates": [
          [
            [
              78.381944,
              26.566944
            ],
            [
              78.481944,
              27.500278
            ],
            [
              78.148611,
              27.583611
            ],
            [
              78.265278,
              26.700278
            ],
            [
              78.381944,
              26.566944
            ]
          ]
        ]
      }
    },
    {
      "type": "Feature",
      "properties": {
        "name": "VIR145 [AMBALA (B)]",
        "type": "Restricted",
        "upper_limit": "FL 325",
        "lower_limit": "GND",
        "source": "ENR 5.1",
        "parse_method": "deterministic"
      },
      "geometry": {
        "type": "Polygon",
        "coordinates": [
          [
            [
              76.2,
              30.7
            ],
            [
              76.766667,
              30.533333
            ],
            [
              77.05,
              30.283333
            ],
            [
              77.233333,
              29.983333
            ],
            [
              76.983333,
              29.25
            ],
            [
              76.2,
              29.633333
            ],
            [
              76.383333,
              29.8
            ],
            [
              76.293333,
              30.333333
            ],
            [
              76.2,
              30.7
            ]
          ]
        ]
      }
    },
    {
      "type": "Feature",
      "properties": {
        "name": "VIR149(A) [BATHINDA]",
        "type": "Restricted",
        "upper_limit": "FL 325",
        "lower_limit": "GND",
        "source": "ENR 5.1",
        "parse_method": "deterministic"
      },
      "geometry": {
        "type": "Polygon",
        "coordinates": [
          [
            [
              74.890833,
              30.749722
            ],
            [
              74.683333,
              30.716667
            ],
            [
              74.838611,
              29.992222
            ],
            [
              74.583333,
              29.966667
            ],
            [
              74.333333,
              29.608333
            ],
            [
              74.166667,
              29.916667
            ],
            [
              73.833333,
              30.083333
            ],
            [
              74.5825,
              31.033056
            ],
            [
              74.890833,
              30.749722
            ]
          ]
        ]
      }
    },
    {
      "type": "Feature",
      "properties": {
        "name": "VIR149(C) [SIRSA]",
        "type": "Restricted",
        "upper_limit": "FL 325",
        "lower_limit": "GND",
        "source": "ENR 5.1",
        "parse_method": "deterministic"
      },
      "geometry": {
        "type": "Polygon",
        "coordinates": [
          [
            [
              74.838611,
              29.992222
            ],
            [
              75.076389,
              28.895833
            ],
            [
              74.25,
              28.883333
            ],
            [
              74.4,
              29.25
            ],
            [
              74.333333,
              29.608333
            ],
            [
              74.583333,
              29.966667
            ],
            [
              74.838611,
              29.992222
            ]
          ]
        ]
      }
    },
    {
      "type": "Feature",
      "properties": {
        "name": "VIR151 [CHANDIGARH 1(B)]",
        "type": "Restricted",
        "upper_limit": "FL 325",
        "lower_limit": "GND",
        "source": "ENR 5.1",
        "parse_method": "deterministic"
      },
      "geometry": {
        "type": "Polygon",
        "coordinates": [
          [
            [
              77.598611,
              31.333056
            ],
            [
              77.598611,
              31.583056
            ],
            [
              78.248611,
              31.583056
            ],
            [
              78.248611,
              30.566667
            ],
            [
              77.598611,
              31.333056
            ]
          ]
        ]
      }
    },
    {
      "type": "Feature",
      "properties": {
        "name": "VIR154(A) [Halwara]",
        "type": "Restricted",
        "upper_limit": "FL 325",
        "lower_limit": "GND",
        "source": "ENR 5.1",
        "parse_method": "deterministic"
      },
      "geometry": {
        "type": "Polygon",
        "coordinates": [
          [
            [
              76.2,
              30.7
            ],
            [
              76.293333,
              30.333333
            ],
            [
              76.383333,
              29.8
            ],
            [
              76.2,
              29.633333
            ],
            [
              75.778056,
              29.941667
            ],
            [
              75.543333,
              30.428611
            ],
            [
              75.373611,
              30.806667
            ],
            [
              75.479167,
              30.796111
            ],
            [
              75.745833,
              30.862222
            ],
            [
              76.2,
              30.7
            ]
          ]
        ]
      }
    },
    {
      "type": "Feature",
      "properties": {
        "name": "VIR154(B) [Halwara]",
        "type": "Restricted",
        "upper_limit": "FL 090",
        "lower_limit": "GND",
        "source": "ENR 5.1",
        "parse_method": "deterministic"
      },
      "geometry": {
        "type": "Polygon",
        "coordinates": [
          [
            [
              75.778056,
              29.941667
            ],
            [
              75.257222,
              30.282222
            ],
            [
              75.355556,
              30.520556
            ],
            [
              75.456389,
              30.455556
            ],
            [
              75.543333,
              30.428611
            ],
            [
              75.778056,
              29.941667
            ]
          ]
        ]
      }
    },
    {
      "type": "Feature",
      "properties": {
        "name": "VIR154(C) [Halwara]",
        "type": "Restricted",
        "upper_limit": "FL 180",
        "lower_limit": "GND",
        "source": "ENR 5.1",
        "parse_method": "deterministic"
      },
      "geometry": {
        "type": "Polygon",
        "coordinates": [
          [
            [
              76.2,
              29.633333
            ],
            [
              76.121111,
              29.593889
            ],
            [
              75.848056,
              29.787778
            ],
            [
              75.778056,
              29.941667
            ],
            [
              76.2,
              29.633333
            ]
          ]
        ]
      }
    },
    {
      "type": "Feature",
      "properties": {
        "name": "VIR155(B) [BAREILLY]",
        "type": "Restricted",
        "upper_limit": "FL 325",
        "lower_limit": "GND",
        "source": "ENR 5.1",
        "parse_method": "deterministic"
      },
      "geometry": {
        "type": "Polygon",
        "coordinates": [
          [
            [
              78.748611,
              29.5
            ],
            [
              78.315278,
              30.1
            ],
            [
              78.248611,
              30.816389
            ],
            [
              79.081667,
              31.116389
            ],
            [
              80.265,
              30.2
            ],
            [
              79.998333,
              29.416667
            ],
            [
              78.748611,
              29.5
            ]
          ]
        ]
      }
    },
    {
      "type": "Feature",
      "properties": {
        "name": "VIR156(B) [Jodhpur-2]",
        "type": "Restricted",
        "upper_limit": "FL 325",
        "lower_limit": "GND",
        "source": "ENR 5.1",
        "parse_method": "deterministic"
      },
      "geometry": {
        "type": "Polygon",
        "coordinates": [
          [
            [
              73.9325,
              25.183611
            ],
            [
              73.365833,
              25.966944
            ],
            [
              74.765833,
              26.366944
            ],
            [
              74.7825,
              26.183611
            ],
            [
              73.9325,
              25.183611
            ]
          ]
        ]
      }
    },
    {
      "type": "Feature",
      "properties": {
        "name": "VIR156(C) [JODHPUR (3)]",
        "type": "Restricted",
        "upper_limit": "FL 325",
        "lower_limit": "GND",
        "source": "ENR 5.1",
        "parse_method": "deterministic"
      },
      "geometry": {
        "type": "Polygon",
        "coordinates": [
          [
            [
              73.4325,
              24.950278
            ],
            [
              71.999444,
              25.283611
            ],
            [
              72.049444,
              25.883611
            ],
            [
              72.999444,
              25.916944
            ],
            [
              73.4325,
              24.950278
            ]
          ]
        ]
      }
    },
    {
      "type": "Feature",
      "properties": {
        "name": "VIR156(D) [JODHPUR (4)]",
        "type": "Restricted",
        "upper_limit": "FL 325",
        "lower_limit": "GND",
        "source": "ENR 5.1",
        "parse_method": "deterministic"
      },
      "geometry": {
        "type": "Polygon",
        "coordinates": [
          [
            [
              72.982778,
              26.533611
            ],
            [
              73.282778,
              26.600278
            ],
            [
              74.565833,
              27.416944
            ],
            [
              73.5325,
              27.416944
            ],
            [
              72.366111,
              27.133611
            ],
            [
              72.982778,
              26.533611
            ]
          ]
        ]
      }
    },
    {
      "type": "Feature",
      "properties": {
        "name": "VIR159 [BAKSHI-KA-TALAB]",
        "type": "Restricted",
        "upper_limit": "FL 325",
        "lower_limit": "GND",
        "source": "ENR 5.1",
        "parse_method": "deterministic"
      },
      "geometry": {
        "type": "Polygon",
        "coordinates": [
          [
            [
              80.898333,
              26.983611
            ],
            [
              80.665,
              27.183611
            ],
            [
              80.981667,
              28.150278
            ],
            [
              81.964722,
              27.683611
            ],
            [
              82.498056,
              27.500278
            ],
            [
              80.898333,
              26.983611
            ]
          ]
        ]
      }
    },
    {
      "type": "Feature",
      "properties": {
        "name": "VIR161(B) [PATHANKOT-II]",
        "type": "Restricted",
        "upper_limit": "FL 325",
        "lower_limit": "GND",
        "source": "ENR 5.1",
        "parse_method": "deterministic"
      },
      "geometry": {
        "type": "Polygon",
        "coordinates": [
          [
            [
              76.432222,
              32.999722
            ],
            [
              77.498611,
              32.999722
            ],
            [
              76.998611,
              33.599444
            ],
            [
              75.998889,
              33.599444
            ],
            [
              75.865556,
              33.466111
            ],
            [
              76.432222,
              33.066389
            ],
            [
              76.432222,
              32.999722
            ]
          ]
        ]
      }
    },
    {
      "type": "Feature",
      "properties": {
        "name": "VIR162 [SARSAWA]",
        "type": "Restricted",
        "upper_limit": "FL 325",
        "lower_limit": "GND",
        "source": "ENR 5.1",
        "parse_method": "deterministic"
      },
      "geometry": {
        "type": "Polygon",
        "coordinates": [
          [
            [
              77.215278,
              29.933333
            ],
            [
              77.648611,
              30.416667
            ],
            [
              78.031944,
              30.316667
            ],
            [
              78.248611,
              30.05
            ],
            [
              77.998611,
              29.533333
            ],
            [
              77.215278,
              29.933333
            ]
          ]
        ]
      }
    },
    {
      "type": "Feature",
      "properties": {
        "name": "VIR163 [UTTARLAI]",
        "type": "Restricted",
        "upper_limit": "FL 325",
        "lower_limit": "GND",
        "source": "ENR 5.1",
        "parse_method": "deterministic"
      },
      "geometry": {
        "type": "Polygon",
        "coordinates": [
          [
            [
              71.25,
              26.2
            ],
            [
              71.949444,
              26.150278
            ],
            [
              71.916111,
              25.566944
            ],
            [
              71.916111,
              25.183611
            ],
            [
              71.432778,
              25.216944
            ],
            [
              71.083056,
              25.333611
            ],
            [
              71.149722,
              25.483611
            ],
            [
              71.016389,
              26.100278
            ],
            [
              71.25,
              26.2
            ]
          ]
        ]
      }
    },
    {
      "type": "Feature",
      "properties": {
        "name": "VIR164(C) [NAL- III]",
        "type": "Restricted",
        "upper_limit": "FL 325",
        "lower_limit": "GND",
        "source": "ENR 5.1",
        "parse_method": "deterministic"
      },
      "geometry": {
        "type": "Polygon",
        "coordinates": [
          [
            [
              73.6825,
              28.016667
            ],
            [
              75.498889,
              28.083333
            ],
            [
              75.498889,
              28.0
            ],
            [
              74.815833,
              27.566667
            ],
            [
              74.815833,
              27.5
            ],
            [
              72.999444,
              27.5
            ],
            [
              72.1,
              27.95
            ],
            [
              72.308333,
              28.233333
            ],
            [
              73.6825,
              28.016667
            ]
          ]
        ]
      }
    },
    {
      "type": "Feature",
      "properties": {
        "name": "VIR228(A) [UDHAMPUR]",
        "type": "Restricted",
        "upper_limit": "FL 325",
        "lower_limit": "GND",
        "source": "ENR 5.1",
        "parse_method": "deterministic"
      },
      "geometry": {
        "type": "Polygon",
        "coordinates": [
          [
            [
              74.85,
              33.15
            ],
            [
              74.966667,
              33.15
            ],
            [
              74.966667,
              32.866667
            ],
            [
              74.85,
              32.866667
            ],
            [
              74.85,
              33.15
            ]
          ]
        ]
      }
    },
    {
      "type": "Feature",
      "properties": {
        "name": "VIR228(B) [UDHAMPUR]",
        "type": "Restricted",
        "upper_limit": "FL 325",
        "lower_limit": "10000 FT AMSL",
        "source": "ENR 5.1",
        "parse_method": "deterministic"
      },
      "geometry": {
        "type": "Polygon",
        "coordinates": [
          [
            [
              74.966667,
              32.916667
            ],
            [
              74.583333,
              33.0
            ],
            [
              74.266667,
              33.25
            ],
            [
              74.416667,
              33.366667
            ],
            [
              74.75,
              33.416667
            ],
            [
              75.0,
              33.333333
            ],
            [
              74.966667,
              32.916667
            ]
          ]
        ]
      }
    },
    {
      "type": "Feature",
      "properties": {
        "name": "VIR228(C) [UDHAMPUR]",
        "type": "Restricted",
        "upper_limit": "10000 FT AMSL",
        "lower_limit": "GND",
        "source": "ENR 5.1",
        "parse_method": "deterministic"
      },
      "geometry": {
        "type": "Polygon",
        "coordinates": [
          [
            [
              74.8,
              32.95
            ],
            [
              74.583333,
              33.0
            ],
            [
              74.266667,
              33.25
            ],
            [
              74.816667,
              33.083333
            ],
            [
              74.8,
              32.95
            ]
          ]
        ]
      }
    },
    {
      "type": "Feature",
      "properties": {
        "name": "VER 203-C Bihta-III",
        "type": "Restricted",
        "upper_limit": "7000 FT",
        "lower_limit": "GND",
        "source": "ENR 5.1",
        "parse_method": "deterministic"
      },
      "geometry": {
        "type": "Polygon",
        "coordinates": [
          [
            [
              84.747778,
              26.500278
            ],
            [
              84.847778,
              26.500278
            ],
            [
              84.882778,
              26.055278
            ],
            [
              84.831111,
              26.083611
            ],
            [
              84.747778,
              26.500278
            ]
          ]
        ]
      }
    },
    {
      "type": "Feature",
      "properties": {
        "name": "VER 204 Behala",
        "type": "Restricted",
        "upper_limit": "1000 FT AMSL",
        "lower_limit": "",
        "source": "ENR 5.1",
        "parse_method": "deterministic"
      },
      "geometry": {
        "type": "Polygon",
        "coordinates": [
          [
            [
              88.297222,
              22.5175
            ],
            [
              88.297222,
              22.484167
            ],
            [
              88.176667,
              22.484167
            ],
            [
              88.230833,
              22.5175
            ],
            [
              88.297222,
              22.5175
            ]
          ]
        ]
      }
    },
    {
      "type": "Feature",
      "properties": {
        "name": "VER 76 Assam Wildlife Sanctury",
        "type": "Restricted",
        "upper_limit": "",
        "lower_limit": "",
        "source": "ENR 5.1",
        "parse_method": "deterministic"
      },
      "geometry": {
        "type": "Polygon",
        "coordinates": [
          [
            [
              90.946944,
              26.783889
            ],
            [
              91.146944,
              26.800556
            ],
            [
              91.146944,
              26.767222
            ],
            [
              91.196944,
              26.767222
            ],
            [
              91.163611,
              26.700556
            ],
            [
              91.113611,
              26.717222
            ],
            [
              91.063611,
              26.667222
            ],
            [
              90.896944,
              26.667222
            ],
            [
              90.946944,
              26.783889
            ]
          ]
        ]
      }
    },
    {
      "type": "Feature",
      "properties": {
        "name": "VER 77 Brahmaputra Bridge",
        "type": "Restricted",
        "upper_limit": "5000 FT",
        "lower_limit": "GND",
        "source": "ENR 5.1",
        "parse_method": "deterministic"
      },
      "geometry": {
        "type": "Polygon",
        "coordinates": [
          [
            [
              91.735995,
              26.183889
            ],
            [
              91.735727,
              26.18879
            ],
            [
              91.734925,
              26.193643
            ],
            [
              91.733596,
              26.198403
            ],
            [
              91.731754,
              26.203023
            ],
            [
              91.729416,
              26.207459
            ],
            [
              91.726605,
              26.211667
            ],
            [
              91.723348,
              26.215609
            ],
            [
              91.719676,
              26.219244
            ],
            [
              91.715625,
              26.222539
            ],
            [
              91.711233,
              26.225462
            ],
            [
              91.706543,
              26.227985
            ],
            [
              91.7016,
              26.230083
            ],
            [
              91.696452,
              26.231736
            ],
            [
              91.691148,
              26.232928
            ],
            [
              91.685739,
              26.233648
            ],
            [
              91.680278,
              26.233889
            ],
            [
              91.674816,
              26.233648
            ],
            [
              91.669408,
              26.232928
            ],
            [
              91.664104,
              26.231736
            ],
            [
              91.658956,
              26.230083
            ],
            [
              91.654013,
              26.227985
            ],
            [
              91.649323,
              26.225462
            ],
            [
              91.644931,
              26.222539
            ],
            [
              91.640879,
              26.219244
            ],
            [
              91.637207,
              26.215609
            ],
            [
              91.63395,
              26.211667
            ],
            [
              91.631139,
              26.207459
            ],
            [
              91.628801,
              26.203023
            ],
            [
              91.626959,
              26.198403
            ],
            [
              91.625631,
              26.193643
            ],
            [
              91.624828,
              26.18879
            ],
            [
              91.62456,
              26.183889
            ],
            [
              91.624828,
              26.178988
            ],
            [
              91.625631,
              26.174134
            ],
            [
              91.626959,
              26.169375
            ],
            [
              91.628801,
              26.164755
            ],
            [
              91.631139,
              26.160319
            ],
            [
              91.63395,
              26.15611
            ],
            [
              91.637207,
              26.152169
            ],
            [
              91.640879,
              26.148534
            ],
            [
              91.644931,
              26.145238
            ],
            [
              91.649323,
              26.142315
            ],
            [
              91.654013,
              26.139793
            ],
            [
              91.658956,
              26.137695
            ],
            [
              91.664104,
              26.136042
            ],
            [
              91.669408,
              26.13485
            ],
            [
              91.674816,
              26.13413
            ],
            [
              91.680278,
              26.133889
            ],
            [
              91.685739,
              26.13413
            ],
            [
              91.691148,
              26.13485
            ],
            [
              91.696452,
              26.136042
            ],
            [
              91.7016,
              26.137695
            ],
            [
              91.706543,
              26.139793
            ],
            [
              91.711233,
              26.142315
            ],
            [
              91.715625,
              26.145238
            ],
            [
              91.719676,
              26.148534
            ],
            [
              91.723348,
              26.152169
            ],
            [
              91.726605,
              26.15611
            ],
            [
              91.729416,
              26.160319
            ],
            [
              91.731754,
              26.164755
            ],
            [
              91.733596,
              26.169375
            ],
            [
              91.734925,
              26.174134
            ],
            [
              91.735727,
              26.178988
            ],
            [
              91.735995,
              26.183889
            ]
          ]
        ]
      }
    },
    {
      "type": "Feature",
      "properties": {
        "name": "VER 80 Kalaikunda (A)",
        "type": "Restricted",
        "upper_limit": "5000 FT",
        "lower_limit": "GND",
        "source": "ENR 5.1",
        "parse_method": "deterministic"
      },
      "geometry": {
        "type": "Polygon",
        "coordinates": [
          [
            [
              87.330833,
              22.634167
            ],
            [
              86.414167,
              22.650833
            ],
            [
              86.414167,
              23.000556
            ],
            [
              85.664444,
              23.000556
            ],
            [
              85.664444,
              24.000556
            ],
            [
              86.6725,
              23.542222
            ],
            [
              87.314167,
              23.083889
            ],
            [
              87.330833,
              22.634167
            ]
          ]
        ]
      }
    },
    {
      "type": "Feature",
      "properties": {
        "name": "VER 82 Baghdogra",
        "type": "Restricted",
        "upper_limit": "5000 FT",
        "lower_limit": "GND",
        "source": "ENR 5.1",
        "parse_method": "deterministic"
      },
      "geometry": {
        "type": "Polygon",
        "coordinates": [
          [
            [
              87.314167,
              26.200556
            ],
            [
              87.947222,
              26.233889
            ],
            [
              87.880556,
              25.633889
            ],
            [
              87.580833,
              25.550556
            ],
            [
              87.314167,
              26.200556
            ]
          ]
        ]
      }
    },
    {
      "type": "Feature",
      "properties": {
        "name": "VER 83 Barrackpore",
        "type": "Restricted",
        "upper_limit": "3000 FT AMSL",
        "lower_limit": "GND",
        "source": "ENR 5.1",
        "parse_method": "deterministic"
      },
      "geometry": {
        "type": "Polygon",
        "coordinates": [
          [
            [
              88.419531,
              22.784167
            ],
            [
              88.419183,
              22.790701
            ],
            [
              88.418142,
              22.797173
            ],
            [
              88.416418,
              22.803519
            ],
            [
              88.414027,
              22.809679
            ],
            [
              88.410993,
              22.815593
            ],
            [
              88.407345,
              22.821205
            ],
            [
              88.403118,
              22.82646
            ],
            [
              88.398352,
              22.831307
            ],
            [
              88.393095,
              22.835701
            ],
            [
              88.387395,
              22.839598
            ],
            [
              88.381308,
              22.842961
            ],
            [
              88.374894,
              22.845759
            ],
            [
              88.368212,
              22.847963
            ],
            [
              88.361329,
              22.849552
            ],
            [
              88.35431,
              22.850512
            ],
            [
              88.347222,
              22.850833
            ],
            [
              88.340135,
              22.850512
            ],
            [
              88.333115,
              22.849552
            ],
            [
              88.326232,
              22.847963
            ],
            [
              88.319551,
              22.845759
            ],
            [
              88.313136,
              22.842961
            ],
            [
              88.30705,
              22.839598
            ],
            [
              88.30135,
              22.835701
            ],
            [
              88.296092,
              22.831307
            ],
            [
              88.291327,
              22.82646
            ],
            [
              88.2871,
              22.821205
            ],
            [
              88.283451,
              22.815593
            ],
            [
              88.280417,
              22.809679
            ],
            [
              88.278027,
              22.803519
            ],
            [
              88.276303,
              22.797173
            ],
            [
              88.275261,
              22.790701
            ],
            [
              88.274913,
              22.784167
            ],
            [
              88.275261,
              22.777632
            ],
            [
              88.276303,
              22.771161
            ],
            [
              88.278027,
              22.764814
            ],
            [
              88.280417,
              22.758654
            ],
            [
              88.283451,
              22.75274
            ],
            [
              88.2871,
              22.747129
            ],
            [
              88.291327,
              22.741874
            ],
            [
              88.296092,
              22.737026
            ],
            [
              88.30135,
              22.732633
            ],
            [
              88.30705,
              22.728735
            ],
            [
              88.313136,
              22.725372
            ],
            [
              88.319551,
              22.722575
            ],
            [
              88.326232,
              22.720371
            ],
            [
              88.333115,
              22.718781
            ],
            [
              88.340135,
              22.717821
            ],
            [
              88.347222,
              22.7175
            ],
            [
              88.35431,
              22.717821
            ],
            [
              88.361329,
              22.718781
            ],
            [
              88.368212,
              22.720371
            ],
            [
              88.374894,
              22.722575
            ],
            [
              88.381308,
              22.725372
            ],
            [
              88.387395,
              22.728735
            ],
            [
              88.393095,
              22.732633
            ],
            [
              88.398352,
              22.737026
            ],
            [
              88.403118,
              22.741874
            ],
            [
              88.407345,
              22.747129
            ],
            [
              88.410993,
              22.75274
            ],
            [
              88.414027,
              22.758654
            ],
            [
              88.416418,
              22.764814
            ],
            [
              88.418142,
              22.771161
            ],
            [
              88.419183,
              22.777632
            ],
            [
              88.419531,
              22.784167
            ]
          ]
        ]
      }
    },
    {
      "type": "Feature",
      "properties": {
        "name": "VER 85-III Hashimara (C)",
        "type": "Restricted",
        "upper_limit": "FL 055",
        "lower_limit": "GND",
        "source": "ENR 5.1",
        "parse_method": "deterministic"
      },
      "geometry": {
        "type": "Polygon",
        "coordinates": [
          [
            [
              89.863611,
              26.617222
            ],
            [
              90.663611,
              26.450556
            ],
            [
              90.663611,
              26.100556
            ],
            [
              89.797222,
              26.250556
            ],
            [
              89.863611,
              26.617222
            ]
          ]
        ]
      }
    },
    {
      "type": "Feature",
      "properties": {
        "name": "VER81 [Kalaikunda (B)]",
        "type": "Restricted",
        "upper_limit": "FL 325",
        "lower_limit": "GND",
        "source": "ENR 5.1",
        "parse_method": "deterministic"
      },
      "geometry": {
        "type": "Polygon",
        "coordinates": [
          [
            [
              87.9475,
              22.3675
            ],
            [
              87.7475,
              21.8675
            ],
            [
              86.530833,
              20.6175
            ],
            [
              85.664444,
              20.9175
            ],
            [
              85.614444,
              20.850833
            ],
            [
              84.497778,
              21.9175
            ],
            [
              86.1475,
              22.500833
            ],
            [
              87.9475,
              22.3675
            ]
          ]
        ]
      }
    },
    {
      "type": "Feature",
      "properties": {
        "name": "VER85(A) [Hashimara]",
        "type": "Restricted",
        "upper_limit": "FL 325",
        "lower_limit": "GND",
        "source": "ENR 5.1",
        "parse_method": "deterministic"
      },
      "geometry": {
        "type": "Polygon",
        "coordinates": [
          [
            [
              89.797222,
              26.250556
            ],
            [
              90.663611,
              26.100556
            ],
            [
              90.663611,
              25.767222
            ],
            [
              90.0,
              25.418333
            ],
            [
              90.033333,
              25.883333
            ],
            [
              89.797222,
              26.250556
            ]
          ]
        ]
      }
    },
    {
      "type": "Feature",
      "properties": {
        "name": "VER85(B) [Hashimara]",
        "type": "Restricted",
        "upper_limit": "FL 325",
        "lower_limit": "GND",
        "source": "ENR 5.1",
        "parse_method": "deterministic"
      },
      "geometry": {
        "type": "Polygon",
        "coordinates": [
          [
            [
              89.880278,
              26.717222
            ],
            [
              90.663611,
              26.783889
            ],
            [
              90.663611,
              26.450556
            ],
            [
              89.863611,
              26.617222
            ],
            [
              89.880278,
              26.717222
            ]
          ]
        ]
      }
    },
    {
      "type": "Feature",
      "properties": {
        "name": "VER86 [Guwahati]",
        "type": "Restricted",
        "upper_limit": "FL 325",
        "lower_limit": "GND",
        "source": "ENR 5.1",
        "parse_method": "deterministic"
      },
      "geometry": {
        "type": "Polygon",
        "coordinates": [
          [
            [
              90.663611,
              26.783889
            ],
            [
              91.296944,
              26.786944
            ],
            [
              91.296944,
              26.450556
            ],
            [
              90.663611,
              26.450556
            ],
            [
              90.663611,
              26.783889
            ]
          ]
        ]
      }
    },
    {
      "type": "Feature",
      "properties": {
        "name": "VER87(A) [TEZPUR-I]",
        "type": "Restricted",
        "upper_limit": "FL 325",
        "lower_limit": "FL 100",
        "source": "ENR 5.1",
        "parse_method": "deterministic"
      },
      "geometry": {
        "type": "Polygon",
        "coordinates": [
          [
            [
              91.296944,
              26.786944
            ],
            [
              92.08,
              26.850556
            ],
            [
              92.246667,
              26.450556
            ],
            [
              91.296944,
              26.450556
            ],
            [
              91.296944,
              26.786944
            ]
          ]
        ]
      }
    },
    {
      "type": "Feature",
      "properties": {
        "name": "VER87(C) [TEZPUR-III]",
        "type": "Restricted",
        "upper_limit": "FL 325",
        "lower_limit": "GND",
        "source": "ENR 5.1",
        "parse_method": "deterministic"
      },
      "geometry": {
        "type": "Polygon",
        "coordinates": [
          [
            [
              92.365278,
              26.120833
            ],
            [
              94.026111,
              26.498056
            ],
            [
              94.163333,
              26.150556
            ],
            [
              93.996667,
              25.750556
            ],
            [
              93.496667,
              25.500556
            ],
            [
              92.746667,
              25.367222
            ],
            [
              92.272222,
              25.788889
            ],
            [
              92.365278,
              26.120833
            ]
          ]
        ]
      }
    },
    {
      "type": "Feature",
      "properties": {
        "name": "VER87(D) [TEZPUR-IV]",
        "type": "Restricted",
        "upper_limit": "FL 055",
        "lower_limit": "GND",
        "source": "ENR 5.1",
        "parse_method": "deterministic"
      },
      "geometry": {
        "type": "Polygon",
        "coordinates": [
          [
            [
              91.296944,
              26.786944
            ],
            [
              92.08,
              26.850556
            ],
            [
              92.246667,
              26.450556
            ],
            [
              91.296944,
              26.450556
            ],
            [
              91.296944,
              26.786944
            ]
          ]
        ]
      }
    },
    {
      "type": "Feature",
      "properties": {
        "name": "VER88 [CHABUA]",
        "type": "Restricted",
        "upper_limit": "FL 325",
        "lower_limit": "GND",
        "source": "ENR 5.1",
        "parse_method": "deterministic"
      },
      "geometry": {
        "type": "Polygon",
        "coordinates": [
          [
            [
              94.316667,
              27.483333
            ],
            [
              94.0,
              27.866667
            ],
            [
              94.0,
              28.5
            ],
            [
              94.616667,
              29.05
            ],
            [
              95.45,
              28.866667
            ],
            [
              96.0,
              29.166667
            ],
            [
              96.2,
              28.266667
            ],
            [
              96.833333,
              28.233333
            ],
            [
              97.1,
              28.133333
            ],
            [
              96.75,
              27.8
            ],
            [
              96.666667,
              27.666667
            ],
            [
              96.329444,
              27.517222
            ],
            [
              95.913056,
              27.283889
            ],
            [
              95.496389,
              27.850556
            ],
            [
              94.996389,
              27.883889
            ],
            [
              94.546389,
              27.733889
            ],
            [
              94.316667,
              27.483333
            ]
          ]
        ]
      }
    },
    {
      "type": "Feature",
      "properties": {
        "name": "VAR 31 Betul",
        "type": "Restricted",
        "upper_limit": "5000 FT",
        "lower_limit": "GND",
        "source": "ENR 5.1",
        "parse_method": "deterministic"
      },
      "geometry": {
        "type": "Polygon",
        "coordinates": [
          [
            [
              77.9,
              21.972778
            ],
            [
              77.936111,
              21.972778
            ],
            [
              77.936111,
              21.926944
            ],
            [
              77.9,
              21.926944
            ],
            [
              77.9,
              21.972778
            ]
          ]
        ]
      }
    },
    {
      "type": "Feature",
      "properties": {
        "name": "VAR 32 Mumbai-Nagpur Route",
        "type": "Restricted",
        "upper_limit": "FL 100",
        "lower_limit": "GND",
        "source": "ENR 5.1",
        "parse_method": "deterministic"
      },
      "geometry": {
        "type": "Polygon",
        "coordinates": [
          [
            [
              78.471019,
              20.684167
            ],
            [
              78.47059,
              20.692335
            ],
            [
              78.469308,
              20.700424
            ],
            [
              78.467184,
              20.708357
            ],
            [
              78.464239,
              20.716057
            ],
            [
              78.460502,
              20.72345
            ],
            [
              78.456008,
              20.730464
            ],
            [
              78.4508,
              20.737033
            ],
            [
              78.44493,
              20.743092
            ],
            [
              78.438453,
              20.748584
            ],
            [
              78.431432,
              20.753456
            ],
            [
              78.423934,
              20.75766
            ],
            [
              78.416032,
              20.761157
            ],
            [
              78.407802,
              20.763912
            ],
            [
              78.399322,
              20.765899
            ],
            [
              78.390675,
              20.767099
            ],
            [
              78.381944,
              20.7675
            ],
            [
              78.373214,
              20.767099
            ],
            [
              78.364567,
              20.765899
            ],
            [
              78.356087,
              20.763912
            ],
            [
              78.347857,
              20.761157
            ],
            [
              78.339955,
              20.75766
            ],
            [
              78.332457,
              20.753456
            ],
            [
              78.325436,
              20.748584
            ],
            [
              78.318959,
              20.743092
            ],
            [
              78.313089,
              20.737033
            ],
            [
              78.307881,
              20.730464
            ],
            [
              78.303387,
              20.72345
            ],
            [
              78.29965,
              20.716057
            ],
            [
              78.296705,
              20.708357
            ],
            [
              78.294581,
              20.700424
            ],
            [
              78.293298,
              20.692335
            ],
            [
              78.292869,
              20.684167
            ],
            [
              78.293298,
              20.675999
            ],
            [
              78.294581,
              20.667909
            ],
            [
              78.296705,
              20.659976
            ],
            [
              78.29965,
              20.652276
            ],
            [
              78.303387,
              20.644884
            ],
            [
              78.307881,
              20.637869
            ],
            [
              78.313089,
              20.631301
            ],
            [
              78.318959,
              20.625241
            ],
            [
              78.325436,
              20.619749
            ],
            [
              78.332457,
              20.614878
            ],
            [
              78.339955,
              20.610673
            ],
            [
              78.347857,
              20.607177
            ],
            [
              78.356087,
              20.604422
            ],
            [
              78.364567,
              20.602435
            ],
            [
              78.373214,
              20.601235
            ],
            [
              78.381944,
              20.600833
            ],
            [
              78.390675,
              20.601235
            ],
            [
              78.399322,
              20.602435
            ],
            [
              78.407802,
              20.604422
            ],
            [
              78.416032,
              20.607177
            ],
            [
              78.423934,
              20.610673
            ],
            [
              78.431432,
              20.614878
            ],
            [
              78.438453,
              20.619749
            ],
            [
              78.44493,
              20.625241
            ],
            [
              78.4508,
              20.631301
            ],
            [
              78.456008,
              20.637869
            ],
            [
              78.460502,
              20.644884
            ],
            [
              78.464239,
              20.652276
            ],
            [
              78.467184,
              20.659976
            ],
            [
              78.469308,
              20.667909
            ],
            [
              78.47059,
              20.675999
            ],
            [
              78.471019,
              20.684167
            ]
          ]
        ]
      }
    },
    {
      "type": "Feature",
      "properties": {
        "name": "VAR 33 Nagpur",
        "type": "Restricted",
        "upper_limit": "5000 FT",
        "lower_limit": "GND",
        "source": "ENR 5.1",
        "parse_method": "deterministic"
      },
      "geometry": {
        "type": "Polygon",
        "coordinates": [
          [
            [
              79.533611,
              21.089722
            ],
            [
              79.586111,
              21.089722
            ],
            [
              79.533611,
              21.139722
            ],
            [
              79.586111,
              21.145278
            ],
            [
              79.533611,
              21.089722
            ]
          ]
        ]
      }
    },
    {
      "type": "Feature",
      "properties": {
        "name": "VAR 35 Ojhar",
        "type": "Restricted",
        "upper_limit": "UNL",
        "lower_limit": "20000 FT",
        "source": "ENR 5.1",
        "parse_method": "deterministic"
      },
      "geometry": {
        "type": "Polygon",
        "coordinates": [
          [
            [
              74.115833,
              21.100833
            ],
            [
              74.565833,
              22.033889
            ],
            [
              75.199167,
              21.867222
            ],
            [
              74.115833,
              21.100833
            ]
          ]
        ]
      }
    },
    {
      "type": "Feature",
      "properties": {
        "name": "VAR 36 Ojhar",
        "type": "Restricted",
        "upper_limit": "UNL",
        "lower_limit": "20000 FT",
        "source": "ENR 5.1",
        "parse_method": "deterministic"
      },
      "geometry": {
        "type": "Polygon",
        "coordinates": [
          [
            [
              75.199167,
              21.867222
            ],
            [
              75.798889,
              21.050833
            ],
            [
              75.2325,
              20.4175
            ],
            [
              75.199167,
              21.867222
            ]
          ]
        ]
      }
    },
    {
      "type": "Feature",
      "properties": {
        "name": "VAR 38 Pune",
        "type": "Restricted",
        "upper_limit": "3000 FT",
        "lower_limit": "GND",
        "source": "ENR 5.1",
        "parse_method": "deterministic"
      },
      "geometry": {
        "type": "Polygon",
        "coordinates": [
          [
            [
              73.740833,
              18.5675
            ],
            [
              73.574444,
              18.684167
            ],
            [
              73.718611,
              18.8175
            ],
            [
              73.868611,
              18.750833
            ],
            [
              73.740833,
              18.5675
            ]
          ]
        ]
      }
    },
    {
      "type": "Feature",
      "properties": {
        "name": "VAR 39 Varangaon",
        "type": "Restricted",
        "upper_limit": "10000 FT",
        "lower_limit": "GND",
        "source": "ENR 5.1",
        "parse_method": "deterministic"
      },
      "geometry": {
        "type": "Polygon",
        "coordinates": [
          [
            [
              75.898889,
              21.0675
            ],
            [
              75.982222,
              21.0675
            ],
            [
              75.982222,
              21.000833
            ],
            [
              75.898889,
              21.000833
            ],
            [
              75.898889,
              21.0675
            ]
          ]
        ]
      }
    },
    {
      "type": "Feature",
      "properties": {
        "name": "VAR 44-A Goa-I",
        "type": "Restricted",
        "upper_limit": "UNL",
        "lower_limit": "GND",
        "source": "ENR 5.1",
        "parse_method": "deterministic"
      },
      "geometry": {
        "type": "Polygon",
        "coordinates": [
          [
            [
              72.166111,
              15.834444
            ],
            [
              72.749444,
              16.251111
            ],
            [
              73.116111,
              16.084444
            ],
            [
              74.0825,
              14.051389
            ],
            [
              73.166111,
              13.568056
            ],
            [
              72.166111,
              15.834444
            ]
          ]
        ]
      }
    },
    {
      "type": "Feature",
      "properties": {
        "name": "VAR 46 Vadodara",
        "type": "Restricted",
        "upper_limit": "FL 100",
        "lower_limit": "GND",
        "source": "ENR 5.1",
        "parse_method": "deterministic"
      },
      "geometry": {
        "type": "Polygon",
        "coordinates": [
          [
            [
              74.115833,
              22.883889
            ],
            [
              73.382778,
              23.100556
            ],
            [
              74.499167,
              23.517222
            ],
            [
              74.115833,
              22.883889
            ]
          ]
        ]
      }
    },
    {
      "type": "Feature",
      "properties": {
        "name": "VAR 47 Daman",
        "type": "Restricted",
        "upper_limit": "FL 060",
        "lower_limit": "GND",
        "source": "ENR 5.1",
        "parse_method": "deterministic"
      },
      "geometry": {
        "type": "Polygon",
        "coordinates": [
          [
            [
              72.832778,
              20.050833
            ],
            [
              71.832778,
              20.1675
            ],
            [
              71.832778,
              21.000833
            ],
            [
              72.099444,
              21.2175
            ],
            [
              72.616111,
              21.334167
            ],
            [
              72.949444,
              20.8175
            ],
            [
              72.832778,
              20.050833
            ]
          ]
        ]
      }
    },
    {
      "type": "Feature",
      "properties": {
        "name": "VAR37 [PUNE]",
        "type": "Restricted",
        "upper_limit": "FL 325",
        "lower_limit": "GND",
        "source": "ENR 5.1",
        "parse_method": "deterministic"
      },
      "geometry": {
        "type": "Polygon",
        "coordinates": [
          [
            [
              73.499444,
              18.6675
            ],
            [
              73.8325,
              19.000833
            ],
            [
              74.999167,
              19.334167
            ],
            [
              75.5325,
              19.2675
            ],
            [
              76.648889,
              17.334444
            ],
            [
              76.665556,
              17.001111
            ],
            [
              75.665833,
              16.834444
            ],
            [
              73.499444,
              18.6675
            ]
          ]
        ]
      }
    },
    {
      "type": "Feature",
      "properties": {
        "name": "VAR42(B) [JAMNAGAR]",
        "type": "Restricted",
        "upper_limit": "FL 325",
        "lower_limit": "FL 110",
        "source": "ENR 5.1",
        "parse_method": "deterministic"
      },
      "geometry": {
        "type": "Polygon",
        "coordinates": [
          [
            [
              69.449722,
              21.750556
            ],
            [
              69.583056,
              21.833889
            ],
            [
              69.966389,
              21.867222
            ],
            [
              70.083056,
              21.650556
            ],
            [
              70.583056,
              21.533889
            ],
            [
              70.666389,
              21.3175
            ],
            [
              70.266389,
              20.950833
            ],
            [
              69.449722,
              21.750556
            ]
          ]
        ]
      }
    },
    {
      "type": "Feature",
      "properties": {
        "name": "TRA501 [Bhuj]",
        "type": "TRA",
        "upper_limit": "6000 FT AGL",
        "lower_limit": "200 FT AGL",
        "source": "ENR 5.2",
        "parse_method": "deterministic"
      },
      "geometry": {
        "type": "Polygon",
        "coordinates": [
          [
            [
              70.016667,
              23.366667
            ],
            [
              69.733333,
              23.65
            ],
            [
              69.75,
              23.866667
            ],
            [
              70.633333,
              23.883333
            ],
            [
              70.65,
              23.566667
            ],
            [
              70.366667,
              23.533333
            ],
            [
              70.016667,
              23.366667
            ]
          ]
        ]
      }
    },
    {
      "type": "Feature",
      "properties": {
        "name": "TRA503(A) [PUNE]",
        "type": "TRA",
        "upper_limit": "UNL",
        "lower_limit": "FL 325",
        "source": "ENR 5.2",
        "parse_method": "deterministic"
      },
      "geometry": {
        "type": "Polygon",
        "coordinates": [
          [
            [
              73.499444,
              18.6675
            ],
            [
              73.8325,
              19.000833
            ],
            [
              74.999167,
              19.334167
            ],
            [
              75.5325,
              19.2675
            ],
            [
              76.496389,
              17.597778
            ],
            [
              75.998889,
              17.674444
            ],
            [
              74.385278,
              17.925556
            ],
            [
              73.499444,
              18.6675
            ]
          ]
        ]
      }
    },
    {
      "type": "Feature",
      "properties": {
        "name": "TRA503(B) [PUNE]",
        "type": "TRA",
        "upper_limit": "UNL",
        "lower_limit": "FL 325",
        "source": "ENR 5.2",
        "parse_method": "deterministic"
      },
      "geometry": {
        "type": "Polygon",
        "coordinates": [
          [
            [
              76.496389,
              17.597778
            ],
            [
              76.648889,
              17.334444
            ],
            [
              76.665556,
              17.001111
            ],
            [
              75.665833,
              16.834444
            ],
            [
              74.385278,
              17.925556
            ],
            [
              75.998889,
              17.674444
            ],
            [
              76.496389,
              17.597778
            ]
          ]
        ]
      }
    },
    {
      "type": "Feature",
      "properties": {
        "name": "TRA506(B) [JAMNAGAR]",
        "type": "TRA",
        "upper_limit": "UNL",
        "lower_limit": "FL 325",
        "source": "ENR 5.2",
        "parse_method": "deterministic"
      },
      "geometry": {
        "type": "Polygon",
        "coordinates": [
          [
            [
              69.449722,
              21.750556
            ],
            [
              69.583056,
              21.833889
            ],
            [
              69.966389,
              21.867222
            ],
            [
              70.083056,
              21.650556
            ],
            [
              70.583056,
              21.533889
            ],
            [
              70.666389,
              21.3175
            ],
            [
              70.266389,
              20.950833
            ],
            [
              69.449722,
              21.750556
            ]
          ]
        ]
      }
    },
    {
      "type": "Feature",
      "properties": {
        "name": "TRA508A [SHIKRA]",
        "type": "TRA",
        "upper_limit": "700 FT AMSL",
        "lower_limit": "MSL",
        "source": "ENR 5.2",
        "parse_method": "deterministic"
      },
      "geometry": {
        "type": "Polygon",
        "coordinates": [
          [
            [
              72.85,
              18.966667
            ],
            [
              72.933333,
              18.966667
            ],
            [
              72.933333,
              18.933333
            ],
            [
              72.85,
              18.933333
            ],
            [
              72.85,
              18.966667
            ]
          ]
        ]
      }
    },
    {
      "type": "Feature",
      "properties": {
        "name": "TRA601(C) [Panagarh]",
        "type": "TRA",
        "upper_limit": "FL 105",
        "lower_limit": "GND",
        "source": "ENR 5.2",
        "parse_method": "deterministic"
      },
      "geometry": {
        "type": "Polygon",
        "coordinates": [
          [
            [
              86.433333,
              23.816667
            ],
            [
              86.0,
              24.166667
            ],
            [
              86.0,
              25.0
            ],
            [
              87.833333,
              25.0
            ],
            [
              87.833333,
              24.183333
            ],
            [
              86.666667,
              24.183333
            ],
            [
              86.433333,
              23.816667
            ]
          ]
        ]
      }
    },
    {
      "type": "Feature",
      "properties": {
        "name": "TRA603(A) [PURNEA]",
        "type": "TRA",
        "upper_limit": "FL 280",
        "lower_limit": "GND",
        "source": "ENR 5.2",
        "parse_method": "deterministic"
      },
      "geometry": {
        "type": "Polygon",
        "coordinates": [
          [
            [
              86.408333,
              26.260833
            ],
            [
              86.676111,
              25.7625
            ],
            [
              87.012222,
              25.760278
            ],
            [
              87.071389,
              26.001111
            ],
            [
              87.132222,
              26.215
            ],
            [
              86.408333,
              26.260833
            ]
          ]
        ]
      }
    },
    {
      "type": "Feature",
      "properties": {
        "name": "TRA603(B) [PURNEA]",
        "type": "TRA",
        "upper_limit": "FL 260",
        "lower_limit": "GND",
        "source": "ENR 5.2",
        "parse_method": "deterministic"
      },
      "geometry": {
        "type": "Polygon",
        "coordinates": [
          [
            [
              87.132222,
              26.215
            ],
            [
              87.071389,
              26.001111
            ],
            [
              87.012222,
              25.760278
            ],
            [
              87.448056,
              25.753889
            ],
            [
              87.7875,
              26.229167
            ],
            [
              87.132222,
              26.215
            ]
          ]
        ]
      }
    },
    {
      "type": "Feature",
      "properties": {
        "name": "TRA607(A) [CHABUA]",
        "type": "TRA",
        "upper_limit": "UNL",
        "lower_limit": "FL 325",
        "source": "ENR 5.2",
        "parse_method": "deterministic"
      },
      "geometry": {
        "type": "Polygon",
        "coordinates": [
          [
            [
              94.316667,
              27.483333
            ],
            [
              94.0,
              27.866667
            ],
            [
              94.0,
              28.5
            ],
            [
              94.616667,
              29.05
            ],
            [
              95.45,
              28.866667
            ],
            [
              96.0,
              29.166667
            ],
            [
              96.2,
              28.266667
            ],
            [
              96.833333,
              28.233333
            ],
            [
              97.1,
              28.133333
            ],
            [
              96.75,
              27.8
            ],
            [
              96.666667,
              27.666667
            ],
            [
              96.329444,
              27.517222
            ],
            [
              95.913056,
              27.283889
            ],
            [
              95.496389,
              27.850556
            ],
            [
              94.996389,
              27.883889
            ],
            [
              94.546389,
              27.733889
            ],
            [
              94.316667,
              27.483333
            ]
          ]
        ]
      }
    },
    {
      "type": "Feature",
      "properties": {
        "name": "TRA609(A) [HASHIMARA]",
        "type": "TRA",
        "upper_limit": "UNL",
        "lower_limit": "FL 325",
        "source": "ENR 5.2",
        "parse_method": "deterministic"
      },
      "geometry": {
        "type": "Polygon",
        "coordinates": [
          [
            [
              89.797222,
              26.250556
            ],
            [
              90.663611,
              26.100556
            ],
            [
              90.663611,
              25.767222
            ],
            [
              90.0,
              25.418333
            ],
            [
              90.033333,
              25.883333
            ],
            [
              89.797222,
              26.250556
            ]
          ]
        ]
      }
    },
    {
      "type": "Feature",
      "properties": {
        "name": "TRA609(B) [HASHIMARA]",
        "type": "TRA",
        "upper_limit": "UNL",
        "lower_limit": "FL 325",
        "source": "ENR 5.2",
        "parse_method": "deterministic"
      },
      "geometry": {
        "type": "Polygon",
        "coordinates": [
          [
            [
              89.880278,
              26.717222
            ],
            [
              90.663611,
              26.783889
            ],
            [
              90.663611,
              26.450556
            ],
            [
              89.863611,
              26.617222
            ],
            [
              89.880278,
              26.717222
            ]
          ]
        ]
      }
    },
    {
      "type": "Feature",
      "properties": {
        "name": "TRA611(A) [KALAIKUNDA]",
        "type": "TRA",
        "upper_limit": "UNL",
        "lower_limit": "FL 325",
        "source": "ENR 5.2",
        "parse_method": "deterministic"
      },
      "geometry": {
        "type": "Polygon",
        "coordinates": [
          [
            [
              87.9475,
              22.3675
            ],
            [
              87.7475,
              21.8675
            ],
            [
              87.602222,
              21.718611
            ],
            [
              86.374722,
              22.485556
            ],
            [
              87.9475,
              22.3675
            ]
          ]
        ]
      }
    },
    {
      "type": "Feature",
      "properties": {
        "name": "TRA611(B) [KALAIKUNDA]",
        "type": "TRA",
        "upper_limit": "UNL",
        "lower_limit": "FL 325",
        "source": "ENR 5.2",
        "parse_method": "deterministic"
      },
      "geometry": {
        "type": "Polygon",
        "coordinates": [
          [
            [
              86.530833,
              20.6175
            ],
            [
              85.664444,
              20.9175
            ],
            [
              86.1475,
              22.500833
            ],
            [
              86.374722,
              22.485556
            ],
            [
              87.602222,
              21.718611
            ],
            [
              86.530833,
              20.6175
            ]
          ]
        ]
      }
    },
    {
      "type": "Feature",
      "properties": {
        "name": "TRA611(C) [KALAIKUNDA]",
        "type": "TRA",
        "upper_limit": "UNL",
        "lower_limit": "FL 325",
        "source": "ENR 5.2",
        "parse_method": "deterministic"
      },
      "geometry": {
        "type": "Polygon",
        "coordinates": [
          [
            [
              85.664444,
              20.9175
            ],
            [
              85.614444,
              20.850833
            ],
            [
              84.497778,
              21.9175
            ],
            [
              86.1475,
              22.500833
            ],
            [
              85.664444,
              20.9175
            ]
          ]
        ]
      }
    },
    {
      "type": "Feature",
      "properties": {
        "name": "TRA612(C) [TEZPUR]",
        "type": "TRA",
        "upper_limit": "FL 460",
        "lower_limit": "FL 325",
        "source": "ENR 5.2",
        "parse_method": "deterministic"
      },
      "geometry": {
        "type": "Polygon",
        "coordinates": [
          [
            [
              92.365278,
              26.120833
            ],
            [
              94.026111,
              26.498056
            ],
            [
              94.163333,
              26.150556
            ],
            [
              93.996667,
              25.750556
            ],
            [
              93.496667,
              25.500556
            ],
            [
              92.746667,
              25.367222
            ],
            [
              92.272222,
              25.788889
            ],
            [
              92.365278,
              26.120833
            ]
          ]
        ]
      }
    },
    {
      "type": "Feature",
      "properties": {
        "name": "TRA613  [KANPUR]",
        "type": "TRA",
        "upper_limit": "UNL",
        "lower_limit": "FL 325",
        "source": "ENR 5.2",
        "parse_method": "deterministic"
      },
      "geometry": {
        "type": "Polygon",
        "coordinates": [
          [
            [
              80.148333,
              26.750278
            ],
            [
              79.915,
              26.133611
            ],
            [
              79.548333,
              25.950278
            ],
            [
              80.498333,
              24.950556
            ],
            [
              80.548333,
              24.583889
            ],
            [
              80.848333,
              24.533889
            ],
            [
              81.131667,
              25.416944
            ],
            [
              81.331667,
              25.800278
            ],
            [
              80.148333,
              26.750278
            ]
          ]
        ]
      }
    },
    {
      "type": "Feature",
      "properties": {
        "name": "TRA702(B) [SRINAGAR]",
        "type": "TRA",
        "upper_limit": "FL 460",
        "lower_limit": "GND",
        "source": "ENR 5.2",
        "parse_method": "deterministic"
      },
      "geometry": {
        "type": "Polygon",
        "coordinates": [
          [
            [
              75.483333,
              34.316667
            ],
            [
              76.483333,
              34.133333
            ],
            [
              76.55,
              33.716667
            ],
            [
              75.45,
              33.633333
            ],
            [
              75.483333,
              34.316667
            ]
          ]
        ]
      }
    },
    {
      "type": "Feature",
      "properties": {
        "name": "TRA703(B) [PATHANKOT]",
        "type": "TRA",
        "upper_limit": "UNL",
        "lower_limit": "FL 325",
        "source": "ENR 5.2",
        "parse_method": "deterministic"
      },
      "geometry": {
        "type": "Polygon",
        "coordinates": [
          [
            [
              76.432222,
              32.999722
            ],
            [
              77.498611,
              32.999722
            ],
            [
              76.998611,
              33.599444
            ],
            [
              75.998889,
              33.599444
            ],
            [
              75.865556,
              33.466111
            ],
            [
              76.432222,
              33.066389
            ],
            [
              76.432222,
              32.999722
            ]
          ]
        ]
      }
    },
    {
      "type": "Feature",
      "properties": {
        "name": "TRA704(B) [CHANDIGARH]",
        "type": "TRA",
        "upper_limit": "UNL",
        "lower_limit": "FL 325",
        "source": "ENR 5.2",
        "parse_method": "deterministic"
      },
      "geometry": {
        "type": "Polygon",
        "coordinates": [
          [
            [
              77.598611,
              31.333056
            ],
            [
              77.598611,
              31.583056
            ],
            [
              78.248611,
              31.583056
            ],
            [
              78.248611,
              30.566667
            ],
            [
              77.598611,
              31.333056
            ]
          ]
        ]
      }
    },
    {
      "type": "Feature",
      "properties": {
        "name": "TRA705 [AMBALA]",
        "type": "TRA",
        "upper_limit": "FL 600",
        "lower_limit": "FL 325",
        "source": "ENR 5.2",
        "parse_method": "deterministic"
      },
      "geometry": {
        "type": "Polygon",
        "coordinates": [
          [
            [
              76.2,
              30.7
            ],
            [
              76.766667,
              30.533333
            ],
            [
              77.05,
              30.283333
            ],
            [
              77.233333,
              29.983333
            ],
            [
              76.983333,
              29.25
            ],
            [
              76.2,
              29.633333
            ],
            [
              76.383333,
              29.8
            ],
            [
              76.293333,
              30.333333
            ],
            [
              76.2,
              30.7
            ]
          ]
        ]
      }
    },
    {
      "type": "Feature",
      "properties": {
        "name": "TRA706(C) [GWALIOR]",
        "type": "TRA",
        "upper_limit": "UNL",
        "lower_limit": "FL 325",
        "source": "ENR 5.2",
        "parse_method": "deterministic"
      },
      "geometry": {
        "type": "Polygon",
        "coordinates": [
          [
            [
              78.381944,
              26.566944
            ],
            [
              78.481944,
              27.500278
            ],
            [
              78.148611,
              27.583611
            ],
            [
              78.265278,
              26.700278
            ],
            [
              78.381944,
              26.566944
            ]
          ]
        ]
      }
    },
    {
      "type": "Feature",
      "properties": {
        "name": "TRA708(C) [HINDON]",
        "type": "TRA",
        "upper_limit": "UNL",
        "lower_limit": "FL 325",
        "source": "ENR 5.2",
        "parse_method": "deterministic"
      },
      "geometry": {
        "type": "Polygon",
        "coordinates": [
          [
            [
              78.090556,
              29.546111
            ],
            [
              78.231944,
              29.716667
            ],
            [
              79.1625,
              29.366667
            ],
            [
              79.056944,
              29.058333
            ],
            [
              78.646944,
              28.911667
            ],
            [
              78.090556,
              29.546111
            ]
          ]
        ]
      }
    },
    {
      "type": "Feature",
      "properties": {
        "name": "TRA709(A) [JODHPUR]",
        "type": "TRA",
        "upper_limit": "UNL",
        "lower_limit": "FL 325",
        "source": "ENR 5.2",
        "parse_method": "deterministic"
      },
      "geometry": {
        "type": "Polygon",
        "coordinates": [
          [
            [
              73.9325,
              25.183611
            ],
            [
              73.365833,
              25.966944
            ],
            [
              74.390556,
              26.259722
            ],
            [
              74.162222,
              25.453889
            ],
            [
              73.9325,
              25.183611
            ]
          ]
        ]
      }
    },
    {
      "type": "Feature",
      "properties": {
        "name": "TRA709(B) [JODHPUR]",
        "type": "TRA",
        "upper_limit": "UNL",
        "lower_limit": "FL 325",
        "source": "ENR 5.2",
        "parse_method": "deterministic"
      },
      "geometry": {
        "type": "Polygon",
        "coordinates": [
          [
            [
              74.390556,
              26.259722
            ],
            [
              74.765833,
              26.366944
            ],
            [
              74.7825,
              26.183611
            ],
            [
              74.162222,
              25.453889
            ],
            [
              74.390556,
              26.259722
            ]
          ]
        ]
      }
    },
    {
      "type": "Feature",
      "properties": {
        "name": "TRA709(C) [JODHPUR]",
        "type": "TRA",
        "upper_limit": "UNL",
        "lower_limit": "FL 325",
        "source": "ENR 5.2",
        "parse_method": "deterministic"
      },
      "geometry": {
        "type": "Polygon",
        "coordinates": [
          [
            [
              73.4325,
              24.950278
            ],
            [
              71.999444,
              25.283611
            ],
            [
              72.049444,
              25.883611
            ],
            [
              72.999444,
              25.916944
            ],
            [
              73.4325,
              24.950278
            ]
          ]
        ]
      }
    },
    {
      "type": "Feature",
      "properties": {
        "name": "TRA709(D) [JODHPUR]",
        "type": "TRA",
        "upper_limit": "UNL",
        "lower_limit": "FL 325",
        "source": "ENR 5.2",
        "parse_method": "deterministic"
      },
      "geometry": {
        "type": "Polygon",
        "coordinates": [
          [
            [
              72.982778,
              26.533611
            ],
            [
              73.282778,
              26.600278
            ],
            [
              74.565833,
              27.416944
            ],
            [
              73.5325,
              27.416944
            ],
            [
              72.366111,
              27.133611
            ],
            [
              72.982778,
              26.533611
            ]
          ]
        ]
      }
    },
    {
      "type": "Feature",
      "properties": {
        "name": "TRA710(A) [NAL]",
        "type": "TRA",
        "upper_limit": "UNL",
        "lower_limit": "FL 325",
        "source": "ENR 5.2",
        "parse_method": "deterministic"
      },
      "geometry": {
        "type": "Polygon",
        "coordinates": [
          [
            [
              73.6825,
              28.016667
            ],
            [
              74.815833,
              28.058333
            ],
            [
              74.815833,
              27.566667
            ],
            [
              74.815833,
              27.5
            ],
            [
              72.999444,
              27.5
            ],
            [
              72.1,
              27.95
            ],
            [
              72.308333,
              28.233333
            ],
            [
              73.6825,
              28.016667
            ]
          ]
        ]
      }
    },
    {
      "type": "Feature",
      "properties": {
        "name": "TRA710(B) [NAL]",
        "type": "TRA",
        "upper_limit": "UNL",
        "lower_limit": "FL 325",
        "source": "ENR 5.2",
        "parse_method": "deterministic"
      },
      "geometry": {
        "type": "Polygon",
        "coordinates": [
          [
            [
              74.815833,
              28.058333
            ],
            [
              75.498889,
              28.083333
            ],
            [
              75.498889,
              28.0
            ],
            [
              74.815833,
              27.566667
            ],
            [
              74.815833,
              28.058333
            ]
          ]
        ]
      }
    },
    {
      "type": "Feature",
      "properties": {
        "name": "TRA711(A) [AGRA]",
        "type": "TRA",
        "upper_limit": "UNL",
        "lower_limit": "FL 325",
        "source": "ENR 5.2",
        "parse_method": "deterministic"
      },
      "geometry": {
        "type": "Polygon",
        "coordinates": [
          [
            [
              76.748889,
              25.883611
            ],
            [
              76.348889,
              26.183611
            ],
            [
              76.498889,
              26.883611
            ],
            [
              76.932222,
              27.183611
            ],
            [
              77.3475,
              27.208333
            ],
            [
              77.389722,
              26.368333
            ],
            [
              77.132222,
              26.233611
            ],
            [
              76.748889,
              25.883611
            ]
          ]
        ]
      }
    },
    {
      "type": "Feature",
      "properties": {
        "name": "TRA711(B) [AGRA]",
        "type": "TRA",
        "upper_limit": "UNL",
        "lower_limit": "FL 325",
        "source": "ENR 5.2",
        "parse_method": "deterministic"
      },
      "geometry": {
        "type": "Polygon",
        "coordinates": [
          [
            [
              77.3475,
              27.208333
            ],
            [
              77.498611,
              27.216944
            ],
            [
              77.898611,
              26.633611
            ],
            [
              77.389722,
              26.368333
            ],
            [
              77.3475,
              27.208333
            ]
          ]
        ]
      }
    },
    {
      "type": "Feature",
      "properties": {
        "name": "TRA712(A) [BATHINDA]",
        "type": "TRA",
        "upper_limit": "FL 600",
        "lower_limit": "FL 325",
        "source": "ENR 5.2",
        "parse_method": "deterministic"
      },
      "geometry": {
        "type": "Polygon",
        "coordinates": [
          [
            [
              74.890833,
              30.749722
            ],
            [
              74.683333,
              30.716667
            ],
            [
              74.838611,
              29.992222
            ],
            [
              74.583333,
              29.966667
            ],
            [
              74.333333,
              29.608333
            ],
            [
              74.166667,
              29.916667
            ],
            [
              73.833333,
              30.083333
            ],
            [
              74.5825,
              31.033056
            ],
            [
              74.890833,
              30.749722
            ]
          ]
        ]
      }
    },
    {
      "type": "Feature",
      "properties": {
        "name": "TRA712(C) [SIRSA]",
        "type": "TRA",
        "upper_limit": "FL 600",
        "lower_limit": "FL 325",
        "source": "ENR 5.2",
        "parse_method": "deterministic"
      },
      "geometry": {
        "type": "Polygon",
        "coordinates": [
          [
            [
              74.838611,
              29.992222
            ],
            [
              75.076389,
              28.895833
            ],
            [
              74.25,
              28.883333
            ],
            [
              74.4,
              29.25
            ],
            [
              74.333333,
              29.608333
            ],
            [
              74.583333,
              29.966667
            ],
            [
              74.838611,
              29.992222
            ]
          ]
        ]
      }
    },
    {
      "type": "Feature",
      "properties": {
        "name": "TRA714 [SARSAWA]",
        "type": "TRA",
        "upper_limit": "UNL",
        "lower_limit": "FL 325",
        "source": "ENR 5.2",
        "parse_method": "deterministic"
      },
      "geometry": {
        "type": "Polygon",
        "coordinates": [
          [
            [
              77.215278,
              29.933333
            ],
            [
              77.648611,
              30.416667
            ],
            [
              78.031944,
              30.316667
            ],
            [
              78.248611,
              30.05
            ],
            [
              77.998611,
              29.533333
            ],
            [
              77.215278,
              29.933333
            ]
          ]
        ]
      }
    },
    {
      "type": "Feature",
      "properties": {
        "name": "TRA716(D) [BAREILLY]",
        "type": "TRA",
        "upper_limit": "UNL",
        "lower_limit": "FL 325",
        "source": "ENR 5.2",
        "parse_method": "deterministic"
      },
      "geometry": {
        "type": "Polygon",
        "coordinates": [
          [
            [
              78.748611,
              29.5
            ],
            [
              78.315278,
              30.1
            ],
            [
              78.248611,
              30.816389
            ],
            [
              79.081667,
              31.116389
            ],
            [
              80.265,
              30.2
            ],
            [
              79.998333,
              29.416667
            ],
            [
              78.748611,
              29.5
            ]
          ]
        ]
      }
    },
    {
      "type": "Feature",
      "properties": {
        "name": "TRA718(A) [BAKSHI-KA-TALAB]",
        "type": "TRA",
        "upper_limit": "UNL",
        "lower_limit": "FL 325",
        "source": "ENR 5.2",
        "parse_method": "deterministic"
      },
      "geometry": {
        "type": "Polygon",
        "coordinates": [
          [
            [
              80.807778,
              27.620278
            ],
            [
              80.981667,
              28.150278
            ],
            [
              81.964722,
              27.683611
            ],
            [
              82.498056,
              27.500278
            ],
            [
              82.045833,
              27.354167
            ],
            [
              80.807778,
              27.620278
            ]
          ]
        ]
      }
    },
    {
      "type": "Feature",
      "properties": {
        "name": "TRA718(B) [BAKSHI-KA-TALAB]",
        "type": "TRA",
        "upper_limit": "UNL",
        "lower_limit": "FL 325",
        "source": "ENR 5.2",
        "parse_method": "deterministic"
      },
      "geometry": {
        "type": "Polygon",
        "coordinates": [
          [
            [
              80.898333,
              26.983611
            ],
            [
              80.665,
              27.183611
            ],
            [
              80.807778,
              27.620278
            ],
            [
              82.045833,
              27.354167
            ],
            [
              80.898333,
              26.983611
            ]
          ]
        ]
      }
    },
    {
      "type": "Feature",
      "properties": {
        "name": "TRA719 [UTTERLAI]",
        "type": "TRA",
        "upper_limit": "UNL",
        "lower_limit": "FL 325",
        "source": "ENR 5.2",
        "parse_method": "deterministic"
      },
      "geometry": {
        "type": "Polygon",
        "coordinates": [
          [
            [
              71.25,
              26.2
            ],
            [
              71.949444,
              26.150278
            ],
            [
              71.916111,
              25.566944
            ],
            [
              71.916111,
              25.183611
            ],
            [
              71.432778,
              25.216944
            ],
            [
              71.083056,
              25.333611
            ],
            [
              71.149722,
              25.483611
            ],
            [
              71.016389,
              26.100278
            ],
            [
              71.25,
              26.2
            ]
          ]
        ]
      }
    },
    {
      "type": "Feature",
      "properties": {
        "name": "TRA720(A) [UDHAMPUR]",
        "type": "TRA",
        "upper_limit": "UNL",
        "lower_limit": "FL 325",
        "source": "ENR 5.2",
        "parse_method": "deterministic"
      },
      "geometry": {
        "type": "Polygon",
        "coordinates": [
          [
            [
              74.85,
              33.15
            ],
            [
              74.966667,
              33.15
            ],
            [
              74.966667,
              32.866667
            ],
            [
              74.85,
              32.866667
            ],
            [
              74.85,
              33.15
            ]
          ]
        ]
      }
    },
    {
      "type": "Feature",
      "properties": {
        "name": "TRA720(B) [UDHAMPUR]",
        "type": "TRA",
        "upper_limit": "UNL",
        "lower_limit": "FL 325",
        "source": "ENR 5.2",
        "parse_method": "deterministic"
      },
      "geometry": {
        "type": "Polygon",
        "coordinates": [
          [
            [
              74.966667,
              32.916667
            ],
            [
              74.583333,
              33.0
            ],
            [
              74.266667,
              33.25
            ],
            [
              74.416667,
              33.366667
            ],
            [
              74.75,
              33.416667
            ],
            [
              75.0,
              33.333333
            ],
            [
              74.966667,
              32.916667
            ]
          ]
        ]
      }
    },
    {
      "type": "Feature",
      "properties": {
        "name": "TRA723 [HALWARA]",
        "type": "TRA",
        "upper_limit": "FL 600",
        "lower_limit": "FL 325",
        "source": "ENR 5.2",
        "parse_method": "deterministic"
      },
      "geometry": {
        "type": "Polygon",
        "coordinates": [
          [
            [
              76.2,
              30.7
            ],
            [
              76.293333,
              30.333333
            ],
            [
              76.383333,
              29.8
            ],
            [
              76.2,
              29.633333
            ],
            [
              75.778056,
              29.941667
            ],
            [
              75.543333,
              30.428611
            ],
            [
              75.373611,
              30.806667
            ],
            [
              75.479167,
              30.796111
            ],
            [
              75.745833,
              30.862222
            ],
            [
              76.2,
              30.7
            ]
          ]
        ]
      }
    },
    {
      "type": "Feature",
      "properties": {
        "name": "TRA724 [Phalodi]",
        "type": "TRA",
        "upper_limit": "FL 280",
        "lower_limit": "GND",
        "source": "ENR 5.2",
        "parse_method": "deterministic"
      },
      "geometry": {
        "type": "Polygon",
        "coordinates": [
          [
            [
              72.131944,
              27.933889
            ],
            [
              73.275556,
              27.359722
            ],
            [
              72.366111,
              27.133611
            ],
            [
              71.860833,
              26.951667
            ],
            [
              71.2575,
              27.630833
            ],
            [
              72.131944,
              27.933889
            ]
          ]
        ]
      }
    },
    {
      "type": "Feature",
      "properties": {
        "name": "TRA804(B) [Thanjavur]",
        "type": "TRA",
        "upper_limit": "FL 280",
        "lower_limit": "FL 070",
        "source": "ENR 5.2",
        "parse_method": "deterministic"
      },
      "geometry": {
        "type": "Polygon",
        "coordinates": [
          [
            [
              79.217222,
              10.917222
            ],
            [
              79.887222,
              10.895833
            ],
            [
              79.894722,
              11.481667
            ],
            [
              79.217222,
              10.917222
            ]
          ]
        ]
      }
    },
    {
      "type": "Feature",
      "properties": {
        "name": "TRA806(A) [Cochin]",
        "type": "TRA",
        "upper_limit": "6000 FT AMSL",
        "lower_limit": "6000 FT AMSL",
        "source": "ENR 5.2",
        "parse_method": "deterministic"
      },
      "geometry": {
        "type": "Polygon",
        "coordinates": [
          [
            [
              74.782778,
              11.666667
            ],
            [
              75.166667,
              11.666667
            ],
            [
              75.5075,
              10.474167
            ],
            [
              74.747778,
              10.599722
            ],
            [
              74.782778,
              11.666667
            ]
          ]
        ]
      }
    },
    {
      "type": "Feature",
      "properties": {
        "name": "TRA806(B) [Cochin]",
        "type": "TRA",
        "upper_limit": "FL 170",
        "lower_limit": "FL 060",
        "source": "ENR 5.2",
        "parse_method": "deterministic"
      },
      "geometry": {
        "type": "Polygon",
        "coordinates": [
          [
            [
              74.0,
              11.666667
            ],
            [
              74.782778,
              11.666667
            ],
            [
              74.747778,
              10.599722
            ],
            [
              74.0,
              10.721389
            ],
            [
              74.0,
              11.666667
            ]
          ]
        ]
      }
    },
    {
      "type": "Feature",
      "properties": {
        "name": "TRA806(C) [Cochin]",
        "type": "TRA",
        "upper_limit": "FL 170",
        "lower_limit": "FL 150",
        "source": "ENR 5.2",
        "parse_method": "deterministic"
      },
      "geometry": {
        "type": "Polygon",
        "coordinates": [
          [
            [
              74.403889,
              10.655833
            ],
            [
              74.747778,
              10.599722
            ],
            [
              74.745556,
              10.243056
            ],
            [
              74.403889,
              10.299167
            ],
            [
              74.403889,
              10.655833
            ]
          ]
        ]
      }
    },
    {
      "type": "Feature",
      "properties": {
        "name": "TRA806(D) [Cochin]",
        "type": "TRA",
        "upper_limit": "FL 130",
        "lower_limit": "FL 060",
        "source": "ENR 5.2",
        "parse_method": "deterministic"
      },
      "geometry": {
        "type": "Polygon",
        "coordinates": [
          [
            [
              75.166667,
              10.173889
            ],
            [
              75.464722,
              10.123889
            ],
            [
              75.743056,
              9.019444
            ],
            [
              75.524722,
              9.019444
            ],
            [
              75.166667,
              10.173889
            ]
          ]
        ]
      }
    },
    {
      "type": "Feature",
      "properties": {
        "name": "TRA806(E) [Cochin]",
        "type": "TRA",
        "upper_limit": "FL 170",
        "lower_limit": "FL 060",
        "source": "ENR 5.2",
        "parse_method": "deterministic"
      },
      "geometry": {
        "type": "Polygon",
        "coordinates": [
          [
            [
              75.166667,
              10.173889
            ],
            [
              75.524722,
              9.019444
            ],
            [
              73.208333,
              9.019444
            ],
            [
              74.169722,
              10.337222
            ],
            [
              75.166667,
              10.173889
            ]
          ]
        ]
      }
    },
    {
      "type": "Feature",
      "properties": {
        "name": "TRA806(F) [Cochin]",
        "type": "TRA",
        "upper_limit": "FL 130",
        "lower_limit": "FL 060",
        "source": "ENR 5.2",
        "parse_method": "deterministic"
      },
      "geometry": {
        "type": "Polygon",
        "coordinates": [
          [
            [
              75.524722,
              9.019444
            ],
            [
              75.743056,
              9.019444
            ],
            [
              76.0,
              8.0
            ],
            [
              75.841667,
              8.0
            ],
            [
              75.524722,
              9.019444
            ]
          ]
        ]
      }
    },
    {
      "type": "Feature",
      "properties": {
        "name": "TRA806(G) [Cochin]",
        "type": "TRA",
        "upper_limit": "FL 170",
        "lower_limit": "FL 060",
        "source": "ENR 5.2",
        "parse_method": "deterministic"
      },
      "geometry": {
        "type": "Polygon",
        "coordinates": [
          [
            [
              75.524722,
              9.019444
            ],
            [
              75.841667,
              8.0
            ],
            [
              73.8,
              8.0
            ],
            [
              73.208333,
              9.019444
            ],
            [
              75.524722,
              9.019444
            ]
          ]
        ]
      }
    },
    {
      "type": "Feature",
      "properties": {
        "name": "TRA807(A) [SULUR]",
        "type": "TRA",
        "upper_limit": "9000 FT AMSL",
        "lower_limit": "GND",
        "source": "ENR 5.2",
        "parse_method": "deterministic"
      },
      "geometry": {
        "type": "Polygon",
        "coordinates": [
          [
            [
              77.216389,
              10.651389
            ],
            [
              77.195,
              10.182778
            ],
            [
              77.658056,
              10.098333
            ],
            [
              77.745833,
              10.229167
            ],
            [
              77.925556,
              10.306667
            ],
            [
              77.439167,
              10.869444
            ],
            [
              77.334167,
              10.703889
            ],
            [
              77.216389,
              10.651389
            ]
          ]
        ]
      }
    },
    {
      "type": "Feature",
      "properties": {
        "name": "TRA807(B) [SULUR]",
        "type": "TRA",
        "upper_limit": "FL 240",
        "lower_limit": "9000 FT AMSL",
        "source": "ENR 5.2",
        "parse_method": "deterministic"
      },
      "geometry": {
        "type": "Polygon",
        "coordinates": [
          [
            [
              77.216389,
              10.651389
            ],
            [
              77.658056,
              10.098333
            ],
            [
              77.745833,
              10.229167
            ],
            [
              77.925556,
              10.306667
            ],
            [
              77.439167,
              10.869444
            ],
            [
              77.334167,
              10.703889
            ],
            [
              77.216389,
              10.651389
            ]
          ]
        ]
      }
    },
    {
      "type": "Feature",
      "properties": {
        "name": "TRA807(C) [SULUR]",
        "type": "TRA",
        "upper_limit": "FL 180",
        "lower_limit": "9000 FT AMSL",
        "source": "ENR 5.2",
        "parse_method": "deterministic"
      },
      "geometry": {
        "type": "Polygon",
        "coordinates": [
          [
            [
              77.216389,
              10.651389
            ],
            [
              77.195,
              10.182778
            ],
            [
              77.658056,
              10.098333
            ],
            [
              77.216389,
              10.651389
            ]
          ]
        ]
      }
    },
    {
      "type": "Feature",
      "properties": {
        "name": "TRA807(D) [SULUR]",
        "type": "TRA",
        "upper_limit": "FL 460",
        "lower_limit": "FL 275",
        "source": "ENR 5.2",
        "parse_method": "deterministic"
      },
      "geometry": {
        "type": "Polygon",
        "coordinates": [
          [
            [
              77.468056,
              10.973889
            ],
            [
              77.439167,
              10.869444
            ],
            [
              77.925556,
              10.306667
            ],
            [
              78.257778,
              10.489722
            ],
            [
              78.163889,
              10.817778
            ],
            [
              78.260833,
              11.002222
            ],
            [
              78.1075,
              11.176944
            ],
            [
              77.468056,
              10.973889
            ]
          ]
        ]
      }
    },
    {
      "type": "Feature",
      "properties": {
        "name": "TRA810 [CAR NICOBAR]",
        "type": "TRA",
        "upper_limit": "UNL",
        "lower_limit": "FL 255",
        "source": "ENR 5.2",
        "parse_method": "deterministic"
      },
      "geometry": {
        "type": "Polygon",
        "coordinates": [
          [
            [
              92.330278,
              8.668611
            ],
            [
              92.330278,
              9.668333
            ],
            [
              93.330278,
              9.668333
            ],
            [
              93.330278,
              8.668611
            ],
            [
              92.330278,
              8.668611
            ]
          ]
        ]
      }
    },
    {
      "type": "Feature",
      "properties": {
        "name": "TRA811(A) [TAMBARAM]",
        "type": "TRA",
        "upper_limit": "FL 460",
        "lower_limit": "FL 255",
        "source": "ENR 5.2",
        "parse_method": "deterministic"
      },
      "geometry": {
        "type": "Polygon",
        "coordinates": [
          [
            [
              80.265278,
              12.951389
            ],
            [
              80.098611,
              12.934722
            ],
            [
              79.448611,
              11.884722
            ],
            [
              79.815278,
              11.768056
            ],
            [
              80.265278,
              12.951389
            ]
          ]
        ]
      }
    },
    {
      "type": "Feature",
      "properties": {
        "name": "TRA811(B) [TAMBARAM]",
        "type": "TRA",
        "upper_limit": "FL 460",
        "lower_limit": "FL 255",
        "source": "ENR 5.2",
        "parse_method": "deterministic"
      },
      "geometry": {
        "type": "Polygon",
        "coordinates": [
          [
            [
              79.498611,
              12.884722
            ],
            [
              79.965278,
              12.701389
            ],
            [
              79.448611,
              11.884722
            ],
            [
              79.498611,
              12.884722
            ]
          ]
        ]
      }
    },
    {
      "type": "Feature",
      "properties": {
        "name": "TSA510 [CHHOTAJAM]",
        "type": "TSA",
        "upper_limit": "9000 FT AMSL",
        "lower_limit": "GND",
        "source": "ENR 5.2",
        "parse_method": "deterministic"
      },
      "geometry": {
        "type": "Polygon",
        "coordinates": [
          [
            [
              75.666667,
              22.383333
            ],
            [
              75.8,
              22.383333
            ],
            [
              75.8,
              22.3
            ],
            [
              75.666667,
              22.3
            ],
            [
              75.666667,
              22.383333
            ]
          ]
        ]
      }
    },
    {
      "type": "Feature",
      "properties": {
        "name": "TSA602 [Dudhkundi]",
        "type": "TSA",
        "upper_limit": "FL 215",
        "lower_limit": "GND",
        "source": "ENR 5.2",
        "parse_method": "deterministic"
      },
      "geometry": {
        "type": "Polygon",
        "coordinates": [
          [
            [
              87.116667,
              22.308333
            ],
            [
              87.116667,
              22.294444
            ],
            [
              87.1,
              22.275
            ],
            [
              87.100556,
              22.2625
            ],
            [
              87.1125,
              22.233333
            ],
            [
              87.141667,
              22.245833
            ],
            [
              87.133333,
              22.280556
            ],
            [
              87.116667,
              22.308333
            ]
          ]
        ]
      }
    },
    {
      "type": "Feature",
      "properties": {
        "name": "TSA605 [NYISHI]",
        "type": "TSA",
        "upper_limit": "FL 460",
        "lower_limit": "GND",
        "source": "ENR 5.2",
        "parse_method": "deterministic"
      },
      "geometry": {
        "type": "Polygon",
        "coordinates": [
          [
            [
              93.564108,
              27.581944
            ],
            [
              93.562885,
              27.603997
            ],
            [
              93.55923,
              27.625836
            ],
            [
              93.553178,
              27.647253
            ],
            [
              93.544786,
              27.668041
            ],
            [
              93.534136,
              27.688
            ],
            [
              93.52133,
              27.706938
            ],
            [
              93.506491,
              27.724672
            ],
            [
              93.489763,
              27.741031
            ],
            [
              93.471306,
              27.755858
            ],
            [
              93.451298,
              27.76901
            ],
            [
              93.429932,
              27.780361
            ],
            [
              93.407414,
              27.789801
            ],
            [
              93.383961,
              27.797239
            ],
            [
              93.359798,
              27.802603
            ],
            [
              93.335157,
              27.805843
            ],
            [
              93.310278,
              27.806926
            ],
            [
              93.285398,
              27.805843
            ],
            [
              93.260758,
              27.802603
            ],
            [
              93.236595,
              27.797239
            ],
            [
              93.213141,
              27.789801
            ],
            [
              93.190623,
              27.780361
            ],
            [
              93.169257,
              27.76901
            ],
            [
              93.14925,
              27.755858
            ],
            [
              93.130793,
              27.741031
            ],
            [
              93.114065,
              27.724672
            ],
            [
              93.099226,
              27.706938
            ],
            [
              93.08642,
              27.688
            ],
            [
              93.07577,
              27.668041
            ],
            [
              93.067378,
              27.647253
            ],
            [
              93.061325,
              27.625836
            ],
            [
              93.05767,
              27.603997
            ],
            [
              93.056448,
              27.581944
            ],
            [
              93.05767,
              27.559892
            ],
            [
              93.061325,
              27.538053
            ],
            [
              93.067378,
              27.516636
            ],
            [
              93.07577,
              27.495848
            ],
            [
              93.08642,
              27.475889
            ],
            [
              93.099226,
              27.456951
            ],
            [
              93.114065,
              27.439217
            ],
            [
              93.130793,
              27.422858
            ],
            [
              93.14925,
              27.408031
            ],
            [
              93.169257,
              27.394879
            ],
            [
              93.190623,
              27.383528
            ],
            [
              93.213141,
              27.374088
            ],
            [
              93.236595,
              27.36665
            ],
            [
              93.260758,
              27.361285
            ],
            [
              93.285398,
              27.358046
            ],
            [
              93.310278,
              27.356962
            ],
            [
              93.335157,
              27.358046
            ],
            [
              93.359798,
              27.361285
            ],
            [
              93.383961,
              27.36665
            ],
            [
              93.407414,
              27.374088
            ],
            [
              93.429932,
              27.383528
            ],
            [
              93.451298,
              27.394879
            ],
            [
              93.471306,
              27.408031
            ],
            [
              93.489763,
              27.422858
            ],
            [
              93.506491,
              27.439217
            ],
            [
              93.52133,
              27.456951
            ],
            [
              93.534136,
              27.475889
            ],
            [
              93.544786,
              27.495848
            ],
            [
              93.553178,
              27.516636
            ],
            [
              93.55923,
              27.538053
            ],
            [
              93.562885,
              27.559892
            ],
            [
              93.564108,
              27.581944
            ]
          ]
        ]
      }
    },
    {
      "type": "Feature",
      "properties": {
        "name": "TSA614 [DIGARU]",
        "type": "TSA",
        "upper_limit": "2500 FT AMSL",
        "lower_limit": "MSL",
        "source": "ENR 5.2",
        "parse_method": "deterministic"
      },
      "geometry": {
        "type": "Polygon",
        "coordinates": [
          [
            [
              91.996437,
              26.136111
            ],
            [
              91.996341,
              26.137875
            ],
            [
              91.996052,
              26.139622
            ],
            [
              91.995574,
              26.141336
            ],
            [
              91.994911,
              26.142999
            ],
            [
              91.99407,
              26.144596
            ],
            [
              91.993059,
              26.146111
            ],
            [
              91.991887,
              26.147529
            ],
            [
              91.990565,
              26.148838
            ],
            [
              91.989108,
              26.150024
            ],
            [
              91.987527,
              26.151076
            ],
            [
              91.98584,
              26.151984
            ],
            [
              91.984061,
              26.15274
            ],
            [
              91.982209,
              26.153335
            ],
            [
              91.9803,
              26.153764
            ],
            [
              91.978354,
              26.154023
            ],
            [
              91.976389,
              26.15411
            ],
            [
              91.974424,
              26.154023
            ],
            [
              91.972478,
              26.153764
            ],
            [
              91.970569,
              26.153335
            ],
            [
              91.968717,
              26.15274
            ],
            [
              91.966938,
              26.151984
            ],
            [
              91.965251,
              26.151076
            ],
            [
              91.96367,
              26.150024
            ],
            [
              91.962212,
              26.148838
            ],
            [
              91.960891,
              26.147529
            ],
            [
              91.959719,
              26.146111
            ],
            [
              91.958708,
              26.144596
            ],
            [
              91.957866,
              26.142999
            ],
            [
              91.957204,
              26.141336
            ],
            [
              91.956726,
              26.139622
            ],
            [
              91.956437,
              26.137875
            ],
            [
              91.95634,
              26.136111
            ],
            [
              91.956437,
              26.134347
            ],
            [
              91.956726,
              26.1326
            ],
            [
              91.957204,
              26.130886
            ],
            [
              91.957866,
              26.129223
            ],
            [
              91.958708,
              26.127627
            ],
            [
              91.959719,
              26.126112
            ],
            [
              91.960891,
              26.124693
            ],
            [
              91.962212,
              26.123384
            ],
            [
              91.96367,
              26.122198
            ],
            [
              91.965251,
              26.121146
            ],
            [
              91.966938,
              26.120238
            ],
            [
              91.968717,
              26.119483
            ],
            [
              91.970569,
              26.118888
            ],
            [
              91.972478,
              26.118458
            ],
            [
              91.974424,
              26.118199
            ],
            [
              91.976389,
              26.118113
            ],
            [
              91.978354,
              26.118199
            ],
            [
              91.9803,
              26.118458
            ],
            [
              91.982209,
              26.118888
            ],
            [
              91.984061,
              26.119483
            ],
            [
              91.98584,
              26.120238
            ],
            [
              91.987527,
              26.121146
            ],
            [
              91.989108,
              26.122198
            ],
            [
              91.990565,
              26.123384
            ],
            [
              91.991887,
              26.124693
            ],
            [
              91.993059,
              26.126112
            ],
            [
              91.99407,
              26.127627
            ],
            [
              91.994911,
              26.129223
            ],
            [
              91.995574,
              26.130886
            ],
            [
              91.996052,
              26.1326
            ],
            [
              91.996341,
              26.134347
            ],
            [
              91.996437,
              26.136111
            ]
          ]
        ]
      }
    },
    {
      "type": "Feature",
      "properties": {
        "name": "TSA707 [Mandalthang]",
        "type": "TSA",
        "upper_limit": "FL 530",
        "lower_limit": "GND",
        "source": "ENR 5.2",
        "parse_method": "deterministic"
      },
      "geometry": {
        "type": "Polygon",
        "coordinates": [
          [
            [
              78.064722,
              34.797778
            ],
            [
              78.167222,
              34.745556
            ],
            [
              78.195,
              34.652778
            ],
            [
              78.190278,
              34.641389
            ],
            [
              78.076944,
              34.617778
            ],
            [
              78.008333,
              34.698056
            ],
            [
              78.005556,
              34.761667
            ],
            [
              78.064722,
              34.797778
            ]
          ]
        ]
      }
    },
    {
      "type": "Feature",
      "properties": {
        "name": "TSA717 [Kharonala]",
        "type": "TSA",
        "upper_limit": "FL 520",
        "lower_limit": "GND",
        "source": "ENR 5.2",
        "parse_method": "deterministic"
      },
      "geometry": {
        "type": "Polygon",
        "coordinates": [
          [
            [
              75.6125,
              34.413333
            ],
            [
              75.605556,
              34.436111
            ],
            [
              75.508611,
              34.487778
            ],
            [
              75.399722,
              34.477222
            ],
            [
              75.392222,
              34.387222
            ],
            [
              75.461667,
              34.318889
            ],
            [
              75.483333,
              34.315833
            ],
            [
              75.483056,
              34.299722
            ],
            [
              75.559444,
              34.327778
            ],
            [
              75.560556,
              34.341111
            ],
            [
              75.570278,
              34.340556
            ],
            [
              75.5825,
              34.356111
            ],
            [
              75.575,
              34.356667
            ],
            [
              75.5775,
              34.385556
            ],
            [
              75.589444,
              34.384722
            ],
            [
              75.591111,
              34.391944
            ],
            [
              75.598333,
              34.401389
            ],
            [
              75.611944,
              34.405
            ],
            [
              75.6125,
              34.413333
            ]
          ]
        ]
      }
    },
    {
      "type": "Feature",
      "properties": {
        "name": "TSA721 [Mundota]",
        "type": "TSA",
        "upper_limit": "2300 FT AMSL",
        "lower_limit": "GND",
        "source": "ENR 5.2",
        "parse_method": "deterministic"
      },
      "geometry": {
        "type": "Polygon",
        "coordinates": [
          [
            [
              75.566667,
              27.008333
            ],
            [
              75.558889,
              27.005278
            ],
            [
              75.555833,
              27.010556
            ],
            [
              75.566667,
              27.013611
            ],
            [
              75.566667,
              27.008333
            ]
          ]
        ]
      }
    },
    {
      "type": "Feature",
      "properties": {
        "name": "TSA722 [GRASS BIR-13]",
        "type": "TSA",
        "upper_limit": "FL 400",
        "lower_limit": "GND",
        "source": "ENR 5.2",
        "parse_method": "deterministic"
      },
      "geometry": {
        "type": "Polygon",
        "coordinates": [
          [
            [
              78.418889,
              26.09
            ],
            [
              78.418889,
              25.91
            ],
            [
              78.73,
              25.91
            ],
            [
              78.73,
              25.968056
            ],
            [
              78.558889,
              26.17
            ],
            [
              78.48,
              26.17
            ],
            [
              78.418889,
              26.09
            ]
          ]
        ]
      }
    },
    {
      "type": "Feature",
      "properties": {
        "name": "TSA725 [KHANADUMTI FFR]",
        "type": "TSA",
        "upper_limit": "UNL",
        "lower_limit": "GND",
        "source": "ENR 5.2",
        "parse_method": "deterministic"
      },
      "geometry": {
        "type": "Polygon",
        "coordinates": [
          [
            [
              78.64,
              31.291389
            ],
            [
              78.665278,
              31.285
            ],
            [
              78.699722,
              31.248611
            ],
            [
              78.741111,
              31.231111
            ],
            [
              78.732222,
              31.188611
            ],
            [
              78.680556,
              31.1975
            ],
            [
              78.666667,
              31.2375
            ],
            [
              78.64,
              31.291389
            ]
          ]
        ]
      }
    },
    {
      "type": "Feature",
      "properties": {
        "name": "TSA801(B) [Thanjavur]",
        "type": "TSA",
        "upper_limit": "FL 135",
        "lower_limit": "MSL",
        "source": "ENR 5.2",
        "parse_method": "deterministic"
      },
      "geometry": {
        "type": "Polygon",
        "coordinates": [
          [
            [
              80.283333,
              10.166667
            ],
            [
              81.8,
              10.166667
            ],
            [
              81.8,
              11.166667
            ],
            [
              80.283333,
              11.166667
            ],
            [
              80.283333,
              10.166667
            ]
          ]
        ]
      }
    },
    {
      "type": "Feature",
      "properties": {
        "name": "TSA802(A) [Ramnad]",
        "type": "TSA",
        "upper_limit": "FL 100",
        "lower_limit": "FL 060",
        "source": "ENR 5.2",
        "parse_method": "deterministic"
      },
      "geometry": {
        "type": "Polygon",
        "coordinates": [
          [
            [
              79.044444,
              9.472222
            ],
            [
              79.325278,
              9.895
            ],
            [
              79.526389,
              9.6975
            ],
            [
              79.116667,
              9.416667
            ],
            [
              79.044444,
              9.472222
            ]
          ]
        ]
      }
    },
    {
      "type": "Feature",
      "properties": {
        "name": "TSA802(B) [Ramnad]",
        "type": "TSA",
        "upper_limit": "FL 100",
        "lower_limit": "FL 060",
        "source": "ENR 5.2",
        "parse_method": "deterministic"
      },
      "geometry": {
        "type": "Polygon",
        "coordinates": [
          [
            [
              78.85,
              9.2
            ],
            [
              78.929167,
              9.158333
            ],
            [
              78.791667,
              8.65
            ],
            [
              78.712222,
              8.587778
            ],
            [
              78.520556,
              8.874444
            ],
            [
              78.85,
              9.2
            ]
          ]
        ]
      }
    },
    {
      "type": "Feature",
      "properties": {
        "name": "TSA802(C) [Ramnad]",
        "type": "TSA",
        "upper_limit": "FL 120",
        "lower_limit": "FL 090",
        "source": "ENR 5.2",
        "parse_method": "deterministic"
      },
      "geometry": {
        "type": "Polygon",
        "coordinates": [
          [
            [
              79.325278,
              9.895
            ],
            [
              79.608333,
              10.325
            ],
            [
              79.838611,
              10.067778
            ],
            [
              79.725,
              9.833333
            ],
            [
              79.526389,
              9.6975
            ],
            [
              79.325278,
              9.895
            ]
          ]
        ]
      }
    },
    {
      "type": "Feature",
      "properties": {
        "name": "TSA802(D) [Ramnad]",
        "type": "TSA",
        "upper_limit": "FL 120",
        "lower_limit": "FL 090",
        "source": "ENR 5.2",
        "parse_method": "deterministic"
      },
      "geometry": {
        "type": "Polygon",
        "coordinates": [
          [
            [
              78.125,
              8.483333
            ],
            [
              78.520556,
              8.874444
            ],
            [
              78.712222,
              8.587778
            ],
            [
              78.345833,
              8.3
            ],
            [
              78.125,
              8.483333
            ]
          ]
        ]
      }
    },
    {
      "type": "Feature",
      "properties": {
        "name": "Chennai Control Area- Sector UPB",
        "type": "Upper CTA",
        "upper_limit": "UNL",
        "lower_limit": "GND",
        "source": "ENR 2.1",
        "parse_method": "deterministic"
      },
      "geometry": {
        "type": "Polygon",
        "coordinates": [
          [
            [
              85.9,
              15.7
            ],
            [
              92.0,
              14.0
            ],
            [
              94.416667,
              13.5
            ],
            [
              94.419167,
              8.209444
            ],
            [
              92.396389,
              8.931389
            ],
            [
              85.9,
              15.7
            ]
          ]
        ]
      }
    },
    {
      "type": "Feature",
      "properties": {
        "name": "Chennai Control Area- Sector Upper Hyderabad (UHS)",
        "type": "Upper CTA",
        "upper_limit": "FL 460",
        "lower_limit": "FL 255",
        "source": "ENR 2.1",
        "parse_method": "deterministic"
      },
      "geometry": {
        "type": "Polygon",
        "coordinates": [
          [
            [
              76.0,
              16.666667
            ],
            [
              76.0,
              19.233333
            ],
            [
              77.467222,
              18.991944
            ],
            [
              77.996944,
              18.977222
            ],
            [
              80.089722,
              18.411667
            ],
            [
              81.221667,
              17.836111
            ],
            [
              82.0,
              17.25
            ],
            [
              79.216667,
              15.983333
            ],
            [
              77.516667,
              15.95
            ],
            [
              76.0,
              16.666667
            ]
          ]
        ]
      }
    },
    {
      "type": "Feature",
      "properties": {
        "name": "Delhi- UDP2 (Upper Delhi ACC South East)",
        "type": "Upper CTA",
        "upper_limit": "FL460",
        "lower_limit": "FL255",
        "source": "ENR 2.1",
        "parse_method": "deterministic"
      },
      "geometry": {
        "type": "Polygon",
        "coordinates": [
          [
            [
              76.954167,
              27.236111
            ],
            [
              76.724722,
              27.256944
            ],
            [
              76.585278,
              27.338611
            ],
            [
              76.3825,
              27.000556
            ],
            [
              76.378611,
              26.549167
            ],
            [
              76.0,
              25.0
            ],
            [
              79.081944,
              25.000278
            ],
            [
              78.998611,
              25.133611
            ],
            [
              79.598333,
              25.600278
            ],
            [
              79.831667,
              25.283611
            ],
            [
              80.025278,
              25.899444
            ],
            [
              77.953056,
              27.335556
            ],
            [
              77.580278,
              27.161111
            ],
            [
              76.954167,
              27.236111
            ]
          ]
        ]
      }
    },
    {
      "type": "Feature",
      "properties": {
        "name": "Delhi- UDP5 (Upper Delhi ACC Central)",
        "type": "Upper CTA",
        "upper_limit": "FL460",
        "lower_limit": "FL255",
        "source": "ENR 2.1",
        "parse_method": "deterministic"
      },
      "geometry": {
        "type": "Polygon",
        "coordinates": [
          [
            [
              77.580278,
              27.161111
            ],
            [
              76.954167,
              27.236111
            ],
            [
              76.724722,
              27.256944
            ],
            [
              76.585278,
              27.338611
            ],
            [
              75.355833,
              28.0
            ],
            [
              75.317222,
              28.459167
            ],
            [
              75.499444,
              28.858056
            ],
            [
              76.134444,
              29.825278
            ],
            [
              77.671389,
              28.999167
            ],
            [
              78.250278,
              28.386389
            ],
            [
              77.953056,
              27.335556
            ],
            [
              77.580278,
              27.161111
            ]
          ]
        ]
      }
    },
    {
      "type": "Feature",
      "properties": {
        "name": "Kolkata Upper Control Area- Sector  UKE",
        "type": "Upper CTA",
        "upper_limit": "FL 460",
        "lower_limit": "FL 255",
        "source": "ENR 2.1",
        "parse_method": "deterministic"
      },
      "geometry": {
        "type": "Polygon",
        "coordinates": [
          [
            [
              88.940556,
              22.594167
            ],
            [
              92.0,
              21.0
            ],
            [
              92.0,
              18.388333
            ],
            [
              87.4475,
              20.251944
            ],
            [
              86.346944,
              20.840278
            ],
            [
              87.9475,
              22.3675
            ],
            [
              88.940556,
              22.594167
            ]
          ]
        ]
      }
    },
    {
      "type": "Feature",
      "properties": {
        "name": "Kolkata Upper Control Area- Sector URP",
        "type": "Upper CTA",
        "upper_limit": "FL 460",
        "lower_limit": "FL 255",
        "source": "ENR 2.1",
        "parse_method": "deterministic"
      },
      "geometry": {
        "type": "Polygon",
        "coordinates": [
          [
            [
              80.593611,
              21.5025
            ],
            [
              81.604167,
              21.011667
            ],
            [
              82.601111,
              20.9075
            ],
            [
              83.783333,
              21.054444
            ],
            [
              85.1575,
              21.984167
            ],
            [
              84.129167,
              22.971389
            ],
            [
              83.435556,
              23.731944
            ],
            [
              80.349444,
              23.964722
            ],
            [
              80.059444,
              23.180278
            ],
            [
              80.354444,
              22.480556
            ],
            [
              80.593611,
              21.5025
            ]
          ]
        ]
      }
    },
    {
      "type": "Feature",
      "properties": {
        "name": "Kolkata Upper Control Area- Sector Upper Bhubaneswar (UBS)",
        "type": "Upper CTA",
        "upper_limit": "FL 460",
        "lower_limit": "FL 255",
        "source": "ENR 2.1",
        "parse_method": "deterministic"
      },
      "geometry": {
        "type": "Polygon",
        "coordinates": [
          [
            [
              80.593611,
              21.5025
            ],
            [
              81.089722,
              20.518889
            ],
            [
              80.391667,
              19.048056
            ],
            [
              80.089722,
              18.411667
            ],
            [
              81.221667,
              17.836111
            ],
            [
              82.133333,
              17.154444
            ],
            [
              82.408333,
              16.95
            ],
            [
              82.646389,
              16.767778
            ],
            [
              84.597778,
              16.093889
            ],
            [
              84.946389,
              16.6225
            ],
            [
              87.4475,
              20.251944
            ],
            [
              86.346944,
              20.840278
            ],
            [
              85.1575,
              21.984167
            ],
            [
              83.783333,
              21.054444
            ],
            [
              82.601111,
              20.9075
            ],
            [
              81.604167,
              21.011667
            ],
            [
              80.593611,
              21.5025
            ]
          ]
        ]
      }
    }
  ]
}